sp,GenT,H,La,GrowSSD,RepSSD,S,R,Kingdom,Sessi
Abies balsamea,NA,NA,NA,NA,NA,NA,Terrestrial,Plantae,Sessile
Abies concolor,42.49104708,1.239088329,23.00048793,0.055311733,0.016180366,0.31965217,Terrestrial,Plantae,Sessile
Abies homolepis,NA,NA,NA,NA,NA,NA,Terrestrial,Plantae,Sessile
Abies magnifica,43.93283356,1.141075893,24.36704272,0.053744538,0.014575369,0.529384493,Terrestrial,Plantae,Sessile
Abies sachalinensis,17.29989816,0.906789976,9.412317793,0.057033449,0.021870561,1.106406765,Terrestrial,Plantae,Sessile
Acacia aneura,NA,NA,NA,NA,NA,NA,Terrestrial,Plantae,Sessile
Acacia suaveolens,NA,NA,1,NA,NA,NA,Terrestrial,Plantae,Sessile
Acacia victoriae,NA,NA,NA,NA,NA,NA,Terrestrial,Plantae,Sessile
Acer palmatum,225.1507635,2.13712422,135.0481408,0.051305984,0.051318703,1.739085797,Terrestrial,Plantae,Sessile
Acer pictum,47.56143069,1.474510862,23.93617202,0.052689287,0.054755419,0.942519698,Terrestrial,Plantae,Sessile
Acer rufinerve,66.94680806,1.982821611,79.4065982,0.05058268,0.050428788,0.729997567,Terrestrial,Plantae,Sessile
Acer saccharum,6.162885698,0.671515566,4.366184398,0.169361844,0.373275555,0.97055607,Terrestrial,Plantae,Sessile
Acinonyx jubatus,14.86979028,NA,5,0.027725955,0.014783323,0.524193922,Terrestrial,Animalia,Mobile
Acropora cervicornis,NA,NA,NA,NA,NA,NA,Aquatic,Animalia,Sessile
Acropora downingi,NA,NA,NA,NA,NA,NA,Aquatic,Animalia,Sessile
Actaea cordifolia,12.03069314,0.282148195,2.554001554,0.06491406,0.01199721,0.612981633,Terrestrial,Plantae,Sessile
Actaea elata,8.180199118,0.360582921,5.834954733,0.095495352,0.063024949,0.577976208,Terrestrial,Plantae,Sessile
Adenocarpus aureus,13.35715855,0.660085857,4.067682128,0.208683883,0.031389669,0.035075369,Terrestrial,Plantae,Sessile
Adesmia volckmannii,12.81965465,0.043947489,3.25,0.309043124,0.064614897,0.672253428,Terrestrial,Plantae,Sessile
Aechmea magdalenae,NA,NA,NA,NA,NA,NA,Terrestrial,Plantae,Sessile
Aepyceros melampus,NA,NA,NA,NA,NA,NA,Terrestrial,Animalia,Mobile
Aeschynomene virginica,NA,NA,1,NA,NA,NA,Terrestrial,Plantae,Sessile
Aesculus turbinata,138.5661813,2.13836378,54.36608828,0.046123133,0.034236195,1.658190451,Terrestrial,Plantae,Sessile
Agaricia agaricites,NA,NA,NA,NA,NA,NA,Aquatic,Animalia,Sessile
Agave marmorata,NA,NA,NA,NA,NA,NA,Terrestrial,Plantae,Sessile
Agave potatorum,35.40652295,0.292511221,12.29659586,0.020880848,0.002812243,1.562499804,Terrestrial,Plantae,Sessile
Agave vivipara,NA,NA,NA,NA,NA,NA,Terrestrial,Plantae,Sessile
Agrimonia eupatoria,42.2105813,0.892999961,7.387954107,0.150664453,0.025246312,0.11516576,Terrestrial,Plantae,Sessile
Agropyron cristatum,NA,NA,NA,NA,NA,NA,Terrestrial,Plantae,Sessile
Ailanthus altissima,19.0767191,1.066236452,6,0.000687947,0.05145242,0.247919989,Terrestrial,Plantae,Sessile
Alaria nana,178.537847,0.302190262,3.718756005,0.073197209,0.052436542,0.430692931,Aquatic,Chromalveolata,Sessile
Alces alces,5.559106354,0.733119056,2,0.090909091,0.018086738,1.074176308,Terrestrial,Animalia,Mobile
Alliaria petiolata,NA,NA,2,NA,NA,NA,Terrestrial,Plantae,Sessile
Allium monanthum,NA,NA,NA,NA,NA,NA,Terrestrial,Plantae,Sessile
Allium sativum,2.291674189,0.01381557,2.01010101,0.255074848,0.208974523,0.068794879,Terrestrial,Plantae,Sessile
Allium tricoccum,38.80749432,0.915260305,9.160635045,0.422332988,0.028249535,0.339730763,Terrestrial,Plantae,Sessile
Allium vineale,NA,NA,2.01010101,NA,NA,NA,Terrestrial,Plantae,Sessile
Alnus incana,15.17827559,1.098990354,3.958579882,0.075457136,0.021503051,1.367222557,Terrestrial,Plantae,Sessile
Alytes muletensis,7.249149559,0.051389505,2.071618037,0.333333333,0.236988772,0.188299148,Aquatic,Animalia,Mobile
Amaranthus retroflexus,NA,NA,NA,NA,NA,NA,Terrestrial,Plantae,Sessile
Amazona vittata,10.90294462,0.824702755,6.310344828,0.185212248,0.088423264,1.008745273,Terrestrial,Animalia,Mobile
Ambloplites rupestris,3.009969595,0.063931559,3,0.333333333,0.74868039,0.150992157,Aquatic,Animalia,Mobile
Ambrosia deltoidea,8.428870961,0.68532657,4.186939799,0.051642429,0.011239755,0.053431458,Terrestrial,Plantae,Sessile
Ammocrypta pellucida,2.364808446,NA,2,0.249743748,0.368769448,0.213001551,Aquatic,Animalia,Mobile
Ammodramus savannarum,3.271836685,0.231944229,2,0.5,0.286211742,0.265342306,Terrestrial,Animalia,Mobile
Amphiascus tenuiremis,4.056322781,0.430093448,4.073039742,0.233743981,0.229122089,0.0940124,Aquatic,Animalia,Mobile
Amphimedon compressa,7.168115499,0.743901641,1,0.105189944,0.01685761,0.349002337,Aquatic,Animalia,Sessile
Amphiprion percula,NA,NA,NA,NA,NA,NA,Aquatic,Animalia,Mobile
Anarhynchus frontalis,14.06169701,0.447677454,3,0.333333333,0.068733017,0.068839708,Terrestrial,Animalia,Mobile
Anarrhinum fruticosum,8.431279005,0.811810299,2,0.179783559,0.106218254,0.959087626,Terrestrial,Plantae,Sessile
Anas fulvigula,4.009127771,0.273215642,1,NA,NA,0.036445917,Terrestrial,Animalia,Mobile
Anas laysanensis,3.418470771,0.129006245,1,0.5,0.686854586,0.138797122,Terrestrial,Animalia,Mobile
Anas platyrhynchos,3.082563578,0.256269271,1,0.5,0.152775357,0.244464794,Terrestrial,Animalia,Mobile
Andropogon gerardii,2.240575933,0.27545748,2.20697639,0.171642485,0.15624122,0.341567134,Terrestrial,Plantae,Sessile
Androsace elongata,NA,NA,1,NA,NA,NA,Terrestrial,Plantae,Sessile
Anemone patens,121.2239838,0.635825815,2.113131027,0.048107633,0.039627171,1.05093548,Terrestrial,Plantae,Sessile
Anser anser,6.138982487,0.290356153,3,0.333333333,0.146922367,0.129976718,Terrestrial,Animalia,Mobile
Antechinus agilis,2.15811108,0.145973439,2,0.231215382,0.28024382,0.291669158,Terrestrial,Animalia,Mobile
Anthericum liliago,4.511497554,0.595294049,8.138180709,0.44750427,0.090534232,1.684816275,Terrestrial,Plantae,Sessile
Anthericum ramosum,2.398674184,0.420240551,6.965718694,0.564461497,0.072979501,0.062017431,Terrestrial,Plantae,Sessile
Anthropoides paradiseus,11.55941978,0.448069924,5,0.2,0.11200822,0.104494956,Terrestrial,Animalia,Mobile
Antirrhinum molle,14.89241527,0.58971291,3.42994395,0.09723818,0.025629429,0.17021468,Terrestrial,Plantae,Sessile
Antirrhinum subbaeticum,25.08908552,0.259882195,4.280563519,0.204678831,0.020613621,0.393435953,Terrestrial,Plantae,Sessile
Aquilaria crassna,67.75107701,1.37175758,48.28512604,0.024337733,0.009894875,0.81598194,Terrestrial,Plantae,Sessile
Aquilaria malaccensis,9.881498076,0.291763425,7.354228948,0.088016324,0.080961219,0.494993097,Terrestrial,Plantae,Sessile
Aquilaria microcarpa,25.92862083,0.55750081,8.059603472,0.07029957,0.076897391,0.732644095,Terrestrial,Plantae,Sessile
Aquilegia chrysantha,18.86005422,0.574151848,3.918066742,0.032435663,0.133470335,2.446352557,Terrestrial,Plantae,Sessile
Araucaria araucana,21.5410384,0.28318491,1,0.035714286,0.000123476,4.69E-18,Terrestrial,Plantae,Sessile
Araucaria cunninghamii,141.2692205,1.64880621,87.20289017,0.089464528,0.090927536,5.063119459,Terrestrial,Plantae,Sessile
Araucaria hunsteinii,NA,NA,1,NA,NA,NA,Terrestrial,Plantae,Sessile
Araucaria muelleri,NA,NA,428.4509804,NA,NA,NA,Terrestrial,Plantae,Sessile
Arctocephalus australis,NA,1.004527103,3,NA,NA,NA,Aquatic,Animalia,Mobile
Arctodiaptomus salinus,16.0002894,0.290707079,8.585146122,0.060081825,0.002409378,0.015390651,Aquatic,Animalia,Mobile
Arctophila fulva,NA,NA,NA,NA,NA,NA,Terrestrial,Plantae,Sessile
Ardisia elliptica,34.71628412,0.863882894,12.88826711,0.098805265,0.107850656,5.142214445,Terrestrial,Plantae,Sessile
Arenaria grandiflora,37.78121108,0.34487741,2.666666667,0.203291278,0.008924374,0.851598915,Terrestrial,Plantae,Sessile
Arenaria serpyllifolia,NA,NA,1,NA,NA,NA,Terrestrial,Plantae,Sessile
Argyroxiphium sandwicense,245.363616,1.200297653,28.66501732,0.004555516,0.05951031,5.054716307,Terrestrial,Plantae,Sessile
Ariocarpus scaphirostris,NA,NA,87.34415187,NA,NA,NA,Terrestrial,Plantae,Sessile
Arisaema serratum,14.39937621,1.008882869,8.400604708,0.037916775,0.023137492,0.413089342,Terrestrial,Plantae,Sessile
Arisaema triphyllum,NA,NA,NA,NA,NA,NA,Terrestrial,Plantae,Sessile
Armeria maritima,11.78768021,1.28411503,4.597444089,0.087164567,0.109928979,1.023620152,Terrestrial,Plantae,Sessile
Armeria merinoi,6.709729105,0.569146986,2.784539218,0.153434678,0.030976921,0.248141614,Terrestrial,Plantae,Sessile
Arnica angustifolia,46.51177375,0.031814134,12.415233,0.036011131,7.74E-05,0.001712936,Terrestrial,Plantae,Sessile
Artemisia genipi,14.26713264,0.785969963,5.417083069,0.059169132,0.037194424,1.090778139,Terrestrial,Plantae,Sessile
Asarum canadense,15.24558315,0.454570146,3,0.279111495,0.033533248,0.069390002,Terrestrial,Plantae,Sessile
Asclepias meadii,20.92614673,0.321464667,8.383499233,0.055024347,0.001891422,0.023246454,Terrestrial,Plantae,Sessile
Ascophyllum nodosum,14.97136453,0.834494295,2,0.076923641,0.045243736,0.345336813,Aquatic,Chromalveolata,Sessile
Aspasia principissa,19.84406647,1.105152761,3,0.052839037,0.010125335,0.628954203,Terrestrial,Plantae,Sessile
Aster amellus,NA,NA,NA,NA,NA,NA,Terrestrial,Plantae,Sessile
Astragalus alopecurus,7.34844072,0.688812366,3.114928757,0.001769742,0.309241901,12.68607363,Terrestrial,Plantae,Sessile
Astragalus bibullatus,NA,0.174497491,3.370262183,NA,NA,3.906695298,Terrestrial,Plantae,Sessile
Astragalus cottonii,60.63196451,0.192349149,3.380952381,0.197107512,0.007686408,0.550787213,Terrestrial,Plantae,Sessile
Astragalus cremnophylax,NA,NA,NA,NA,NA,NA,Terrestrial,Plantae,Sessile
Astragalus michauxii,6.807016593,0.423488585,1,0.108078624,0.03220588,0.445846815,Terrestrial,Plantae,Sessile
Astragalus peckii,3.480156269,0.490933534,2,0.026676049,0.130396741,0.082574091,Terrestrial,Plantae,Sessile
Astragalus scaphoides,NA,0.177650366,4.591156546,0.087983005,0.056851007,0.452131064,Terrestrial,Plantae,Sessile
Astragalus tremolsianus,25.41877799,0.495635122,3.324230847,0.135234318,0.022935782,0.367785751,Terrestrial,Plantae,Sessile
Astragalus tyghensis,8.06665294,0.698391938,2,0.124251906,0.081986229,0.568758562,Terrestrial,Plantae,Sessile
Astroblepus ubidiai,3.632338173,0.342764245,3,0.142857143,0.139422913,0.352608067,Aquatic,Animalia,Mobile
Astrocaryum aculeatissimum,183.5074029,1.545646109,41.06327191,0.029041559,0.007891335,1.295354613,Terrestrial,Plantae,Sessile
Astrocaryum mexicanum,257.9654438,1.788728759,41.36591592,0.054301894,0.052355027,1.498319977,Terrestrial,Plantae,Sessile
Astrophytum asterias,6.259932605,0.972410397,1,0.129601748,0.207182678,4.576517339,Terrestrial,Plantae,Sessile
Astrophytum capricorne,19.63348281,0.852535925,1,0.058200097,0.157814538,14.08907858,Terrestrial,Plantae,Sessile
Astrophytum ornatum,36.05790857,0.790347657,1,0.000470023,0.170133518,12.25714049,Terrestrial,Plantae,Sessile
Atriplex acanthocarpa,4.379918956,0.723420286,2.38121547,0.115312758,0.14252998,0.629506039,Terrestrial,Plantae,Sessile
Atriplex canescens,11.2007758,0.853923679,2.447178003,0.103138304,0.091318501,0.862373459,Terrestrial,Plantae,Sessile
Atriplex vesicaria,NA,NA,NA,NA,NA,NA,Terrestrial,Plantae,Sessile
Aurinia saxatilis,NA,NA,2.393117398,NA,NA,NA,Terrestrial,Plantae,Sessile
Avicennia germinans,21.50995582,2.285112186,10.02128149,0.032075569,0.081604928,1.049378249,Terrestrial,Plantae,Sessile
Aythya affinis,NA,0.2784644,1,NA,NA,NA,Terrestrial,Animalia,Mobile
Balsamorhiza sagittata,NA,NA,NA,NA,NA,NA,Terrestrial,Plantae,Sessile
Banksia ericifolia,11.98306643,1.053051279,5.125,0.045096399,0.079595641,2.575753856,Terrestrial,Plantae,Sessile
Bertholletia excelsa,195.6649228,2.89863686,122.093153,0.005996143,0.01766202,1.22300873,Terrestrial,Plantae,Sessile
Betula pendula,NA,NA,NA,NA,NA,NA,Terrestrial,Plantae,Sessile
Betula pubescens,NA,NA,NA,NA,NA,NA,Terrestrial,Plantae,Sessile
Boechera fecunda,0.340717033,0.636062818,3.753969959,0.143797365,0.191158808,0.660720664,Terrestrial,Plantae,Sessile
Bonasa umbellus,2.176229198,0.253102812,1,0.5,0.143704117,0.142840424,Terrestrial,Animalia,Mobile
Borassus aethiopum,95.29005425,1.189127532,91.14648318,0.08333455,0.079933219,0.347139919,Terrestrial,Plantae,Sessile
Bos frontalis,9.280766226,NA,4,0.038392702,0.004820279,0.320304465,Terrestrial,Animalia,Mobile
Bos primigenius,8.135951871,0.870761621,6,0.071428571,0.012499807,0.172193712,Terrestrial,Animalia,Mobile
Bostrychia hagedash,7.088734738,0.704208725,3,0.142857143,0.027850225,0.374438651,Terrestrial,Animalia,Mobile
Bothriochloa ischaemum,NA,NA,NA,NA,NA,NA,Terrestrial,Plantae,Sessile
Bouteloua rigidiseta,NA,NA,NA,NA,NA,NA,Terrestrial,Plantae,Sessile
Brachyrhaphis rhabdophora,19.47467386,1.130365871,7.784453381,0.068238159,0.071987023,0.845818019,Aquatic,Animalia,Mobile
Brachyteles hypoxanthus,37.20487465,0.233741486,9,0.1,0.008236762,0.039823847,Terrestrial,Animalia,Mobile
Brassica insularis,12.25487065,0.481406647,4.381910186,0.174165809,0.040539178,0.133804719,Terrestrial,Plantae,Sessile
Braya fernaldii,10.7338099,0.745605427,7.127659574,0.10278289,0.096104944,5.865025903,Terrestrial,Plantae,Sessile
Braya longii,11.30346771,0.765120991,7.040816327,0.112990926,0.110340299,5.780078716,Terrestrial,Plantae,Sessile
Bromus tectorum,NA,NA,NA,NA,NA,NA,Terrestrial,Plantae,Sessile
Brosimum alicastrum,54.8804129,0.206302096,15.69896882,0.059742847,0.047442006,1.523401723,Terrestrial,Plantae,Sessile
Bursera glabrifolia,NA,NA,NA,NA,NA,NA,Terrestrial,Plantae,Sessile
Buteo solitarius,13.59802685,0.601078867,4,0.25,0.048039512,0.050072056,Terrestrial,Animalia,Mobile
Caladenia argocalla,5.283989156,0.559488811,3.862049227,0.112169356,0.062932354,0.950086649,Terrestrial,Plantae,Sessile
Caladenia clavigera,8.738781457,0.449128118,2.503307276,0.089141237,0.043899761,0.408771305,Terrestrial,Plantae,Sessile
Caladenia elegans,7.043004176,0.788213984,4.450655625,0.079766449,0.044780235,1.044034096,Terrestrial,Plantae,Sessile
Caladenia graniticola,5.813741126,0.510156912,2.874765654,0.146074956,0.058448452,0.726614632,Terrestrial,Plantae,Sessile
Caladenia macroclavia,4.200746378,0.571473418,2.876524676,0.174331482,0.079111504,0.807756985,Terrestrial,Plantae,Sessile
Caladenia oenochila,7.006068839,0.653556191,3.472799209,0.089568375,0.048418411,0.85963976,Terrestrial,Plantae,Sessile
Caladenia rosella,7.477110398,0.587733741,2.831501832,0.081566893,0.048836621,0.612178036,Terrestrial,Plantae,Sessile
Caladenia valida,8.935785172,0.222523702,6.903187721,0.056590742,0.035041192,0.557837391,Terrestrial,Plantae,Sessile
Calamus nambariensis,42.18759922,1.502311454,19.57410062,0.037049671,0.006381045,0.261421731,Terrestrial,Plantae,Sessile
Calamus rhabdocladus,174.9033321,1.382321796,19.16573015,0.108597442,0.003552806,0.072976322,Terrestrial,Plantae,Sessile
Calathea ovandensis,19.51961951,0.326198039,2.011122346,0.02863336,0.052921144,0.331916494,Terrestrial,Plantae,Sessile
Calidris temminckii,5.848910593,0.394737701,1,0.333333333,0.023348555,0.188989868,Terrestrial,Animalia,Mobile
Callorhinus ursinus,10.38591139,NA,3,0.047527391,0.009545035,0.626151277,Aquatic,Animalia,Mobile
Callospermophilus lateralis,1.588315384,NA,1,0.166573184,0.278253862,0.394845046,Terrestrial,Animalia,Mobile
Calluna vulgaris,6.091963175,1.017214501,3.164502165,5.117353956,0.393675108,11.30184975,Terrestrial,Plantae,Sessile
Calocedrus decurrens,87.864874,1.511737187,30.24838983,0.03916435,0.029954225,0.959159898,Terrestrial,Plantae,Sessile
Calocedrus macrolepis,98.93591943,1.207580266,40.9991341,0.008071333,0.011414447,0.051428648,Terrestrial,Plantae,Sessile
Calochortus albus,7.093567997,0.598887256,2.98019802,0.079487151,0.178920865,0.297282293,Terrestrial,Plantae,Sessile
Calochortus lyallii,16.24160948,0.821489109,9.094714859,0.043437746,0.013477492,0.440460104,Terrestrial,Plantae,Sessile
Calochortus macrocarpus,19.12158749,0.854165295,10.05473278,0.040888273,0.00857015,0.123764974,Terrestrial,Plantae,Sessile
Calochortus obispoensis,34.6726679,0.223936462,20.18181818,0.039420637,0.025210424,0.142358877,Terrestrial,Plantae,Sessile
Calochortus pulchellus,16.22429238,1.052861418,2.98019802,0.021832957,0.12580458,1.027991769,Terrestrial,Plantae,Sessile
Calochortus tiburonensis,21.42746334,0.34795336,4.846153846,0.096554179,0.063147433,1.021687048,Terrestrial,Plantae,Sessile
Calyptorhynchus lathami,13.87669384,0.468961873,5,0.2,0.034065596,0.063227261,Terrestrial,Animalia,Mobile
Camellia japonica,NA,NA,NA,NA,NA,NA,Terrestrial,Plantae,Sessile
Canis lupus,NA,NA,NA,NA,NA,NA,Terrestrial,Animalia,Mobile
Capra ibex,NA,NA,NA,NA,NA,NA,Terrestrial,Animalia,Mobile
Cardisoma guanhumi,5.784069606,3.31E-05,3.322751323,0.33333318,0.32406681,0.239333574,Aquatic,Animalia,Sessile
Carduus nutans,3.209585196,0.156392231,1,0.066543188,0.455901299,3.760437911,Terrestrial,Plantae,Sessile
Caretta caretta,NA,NA,1,NA,NA,NA,Aquatic,Animalia,Mobile
Carex aquatilis,NA,NA,NA,NA,NA,NA,Terrestrial,Plantae,Sessile
Carex bigelowii,NA,NA,3.96442006,NA,NA,NA,Terrestrial,Plantae,Sessile
Carex humilis,NA,NA,NA,NA,NA,NA,Terrestrial,Plantae,Sessile
Carex membranacea,NA,NA,NA,NA,NA,NA,Terrestrial,Plantae,Sessile
Carlina vulgaris,1.570673069,0.542307789,4.627332601,0.109453478,0.363053002,0.053271413,Terrestrial,Plantae,Sessile
Carnegiea gigantea,37.32448297,0,1,0.005343666,0.00288787,0,Terrestrial,Plantae,Sessile
Cassia nemophila,13.82948093,1.881974497,2,0.004027652,0.074676185,6.97923846,Terrestrial,Plantae,Sessile
Castanea dentata,53.96340085,1.272609481,19.32762912,0.012979177,0.003844547,0.006709144,Terrestrial,Plantae,Sessile
Catopsis compacta,14.30043598,0.75712187,11.70524148,0.075603143,0.035390843,0.629218115,Terrestrial,Plantae,Sessile
Catopsis sessiliflora,19.91452363,0.833109337,8.815290987,0.061089389,0.047612332,0.0216126,Terrestrial,Plantae,Sessile
Cebus capucinus,29.36270287,0.315833906,7,0.125,0.009078751,0.0351911,Terrestrial,Animalia,Mobile
Cecropia obtusifolia,20.92896686,0.003472849,4.38042543,0.038815659,0.121760876,5.528989619,Terrestrial,Plantae,Sessile
Cedrela odorata,NA,NA,NA,NA,NA,NA,Terrestrial,Plantae,Sessile
Centaurea corymbosa,4.490929047,0.450245766,4.179781686,0.186445719,0.127752382,0.333965695,Terrestrial,Plantae,Sessile
Centaurea horrida,37.01762793,1.016954845,4.481053673,0.127207503,0.018097096,0.658624392,Terrestrial,Plantae,Sessile
Centaurea podospermifolia,4.611554194,0.32650381,3.106264442,0.322548245,0.139962294,1.067742284,Terrestrial,Plantae,Sessile
Centaurea stoebe,NA,NA,NA,NA,NA,NA,Terrestrial,Plantae,Sessile
Centrocercus minimus,4.171010349,0.473081284,3,0.25,0.051633524,0.088256795,Terrestrial,Animalia,Mobile
Cephalanthera longifolia,3.023820585,0.833015012,4.176209755,0.000142966,0.138260986,7.01738594,Terrestrial,Plantae,Sessile
Cephalocereus senilis,NA,NA,NA,NA,NA,NA,Terrestrial,Plantae,Sessile
Cephaloleia fenestrata,9.63636171,0.848187915,7,0.142857143,0.076262154,0.053931672,Aquatic,Animalia,Mobile
Cerastium fontanum,NA,NA,1,NA,NA,NA,Terrestrial,Plantae,Sessile
Cerastium pumilum,NA,NA,1,NA,NA,NA,Terrestrial,Plantae,Sessile
Cercopithecus mitis,21.45230122,0.182142715,8,0.111111111,0.009346044,0.049188549,Terrestrial,Animalia,Mobile
Cervus elaphus,7.636469443,1.20934416,2,0.0625,0.017785926,1.271429571,Terrestrial,Animalia,Mobile
Chaerophyllum aureum,34.73967562,0.103014827,2,0.209969856,0.136528647,3.483785465,Terrestrial,Plantae,Sessile
Chamaecrista lineata,62.22045025,0.654440875,4.3824537,0.046061848,0.060165769,1.048121518,Terrestrial,Plantae,Sessile
Chamaedorea elegans,19.89169947,1.171410328,11.28373674,0.056695923,0.045470248,0.99663284,Terrestrial,Plantae,Sessile
Chamaedorea radicalis,21.10056487,0.382288213,6.13750653,0.123960224,0.101087016,1.464144664,Terrestrial,Plantae,Sessile
Chamaelirium luteum,61.79453463,1.777512044,12.27147273,0.014251055,0.003895304,1.440474388,Terrestrial,Plantae,Sessile
Cheirolophus metlesicsii,23.24218054,0.610520333,2.455604076,0.152108785,0.050541921,0.705022642,Terrestrial,Plantae,Sessile
Chelodina expansa,26.68079814,0.566155082,7.524861878,0.291072476,0.246376315,0.458770995,Aquatic,Animalia,Mobile
Chelydra serpentina,57.88055346,0.658973241,11.70758463,0.114922496,0.103376562,0.119294967,Aquatic,Animalia,Mobile
Chlorocardium rodiei,NA,NA,206.3778948,NA,NA,NA,Terrestrial,Plantae,Sessile
Chlorocebus aethiops,NA,NA,NA,NA,NA,NA,Terrestrial,Animalia,Mobile
Choerospondias axillaris,511.6934258,0.044853291,4.969394538,0.028896662,0.128111567,0.001659109,Terrestrial,Plantae,Sessile
Chrosomus oreas,2.001785673,0.002116663,2,0.5,3.358676043,0.263003519,Aquatic,Animalia,Mobile
Chrysemys picta,8.406164491,NA,7,0.027777778,0.002641411,0.051850651,Aquatic,Animalia,Mobile
Cicindela ohlone,NA,NA,NA,NA,NA,NA,Terrestrial,Animalia,Mobile
Ciconia ciconia,4.801993776,0.274005697,2,0.5,0.370462231,0.207453419,Terrestrial,Animalia,Mobile
Cirsium acaule,44.17937466,0.352087299,2.474926254,0.018889032,0.008437641,0.148397962,Terrestrial,Plantae,Sessile
Cirsium arvense,1.110399601,0.168166427,3.198067633,0.168390436,1.238468703,0.18682053,Terrestrial,Plantae,Sessile
Cirsium dissectum,163.5038837,0.652542881,5.078302717,0.551720939,0.000233153,0.00071838,Terrestrial,Plantae,Sessile
Cirsium palustre,6.762732545,0.291472162,3.643029178,0.159110604,0.217412607,0.736155872,Terrestrial,Plantae,Sessile
Cirsium pannonicum,30.96314349,0.508877946,2.592356688,0.032356439,0.007589377,0.147890995,Terrestrial,Plantae,Sessile
Cirsium pitcheri,NA,NA,NA,NA,NA,NA,Terrestrial,Plantae,Sessile
Cirsium scariosum,14.6819459,0.274694998,5.703703704,0.046633386,0.054218433,0,Terrestrial,Plantae,Sessile
Cirsium tracyi,1.729247061,0.216072057,6.566210046,0.093398973,0.233623791,2.713275606,Terrestrial,Plantae,Sessile
Cirsium undulatum,1.199341603,0.110328396,1,0.5,0.51716665,0.11285497,Terrestrial,Plantae,Sessile
Cirsium vulgare,25.47173507,0.331567573,2.485522292,0.027315762,0.290654423,6.838823574,Terrestrial,Plantae,Sessile
Cleistesiopsis bifaria,5.450087272,0.265549626,2.818202569,0.039580991,0.007316881,0.087783302,Terrestrial,Plantae,Sessile
Cleistesiopsis divaricata,9.696840066,0.351974267,4.121695305,0.081332886,0.013534254,0.18761678,Terrestrial,Plantae,Sessile
Clemmys guttata,27.76723379,1.387901464,6.926108374,0.154943178,0.09526144,0.995739485,Aquatic,Animalia,Mobile
Clidemia hirta,15.25191068,0.244952637,4.010536879,0.073080282,0.145945201,1.356672657,Terrestrial,Plantae,Sessile
Clinocottus analis,6.99563222,0.942937083,2.149425287,0.12604472,0.079317957,1.452463226,Aquatic,Animalia,Mobile
Clinocottus globiceps,NA,NA,NA,NA,NA,NA,Aquatic,Animalia,Mobile
Clinostomus funduloides,2.006673886,0.014592809,2,0.5,6.025130852,0.713839576,Aquatic,Animalia,Mobile
Clintonia borealis,NA,NA,NA,NA,NA,NA,Terrestrial,Plantae,Sessile
Coccothrinax readii,85.91070476,2.344100965,95.7960373,0.020627466,0.029334835,0.464358285,Terrestrial,Plantae,Sessile
Cochlearia bavarica,7.403509441,0.354312561,4.419809902,0.190418332,0.110346014,0.148238615,Terrestrial,Plantae,Sessile
Cochlearia pyrenaica,5.343115575,0.425331708,3.760757552,0.195178618,0.132823303,0.193074912,Terrestrial,Plantae,Sessile
Coespeletia timotensis,14.33438068,0.396792271,2,0.051728585,0.129933626,1.85277257,Terrestrial,Plantae,Sessile
Colchicum autumnale,22.37407971,0.979823165,12.6901805,0.05006428,0.02644938,0.336539849,Terrestrial,Plantae,Sessile
Colias alexandra,7,NA,7,0.142691485,0.116912777,0,Terrestrial,Animalia,Mobile
Collinsia verna,NA,NA,1,NA,NA,NA,Terrestrial,Plantae,Sessile
Commelina benghalensis,NA,NA,NA,NA,NA,NA,Terrestrial,Plantae,Sessile
Commelina bracteosa,NA,NA,NA,NA,NA,NA,Terrestrial,Plantae,Sessile
Connochaetes taurinus,7.915036358,NA,3,0.058624764,0.014478064,0.50944728,Terrestrial,Animalia,Mobile
Coragyps atratus,15.56118266,0.432082056,8,0.125,0.020322822,0.044751469,Terrestrial,Animalia,Mobile
Corallorhiza trifida,14.65958912,0.057021823,8.142857143,0.073163049,0.008114667,0.072047074,Terrestrial,Plantae,Sessile
Cornus florida,20.07300319,0.00292241,3.00010001,0.242639016,0.09689678,0.001881802,Terrestrial,Plantae,Sessile
Cottus bairdii,2.350240363,0.308232503,2,0.333333333,1.21656345,0.93919777,Aquatic,Animalia,Mobile
Crassostrea virginica,NA,NA,NA,NA,NA,NA,Aquatic,Animalia,Sessile
Crocodylus johnsoni,25.52998979,NA,13,0.017855811,0.007012766,0.358634065,Aquatic,Animalia,Mobile
Crocodylus niloticus,22.11886994,1.607362414,10.45837135,0.165264472,0.167919253,1.554364451,Aquatic,Animalia,Mobile
Cryptophis nigrescens,5.378963177,0.456301704,3,0.333333333,0.207860435,0.155997671,Terrestrial,Animalia,Mobile
Cucurbita pepo,NA,0.515913562,1,0.111569861,0.4390881,0.390173002,Terrestrial,Plantae,Sessile
Cynoglossum officinale,0.419055254,0.071465964,3,0.25,0.251230514,0.134892582,Terrestrial,Plantae,Sessile
Cyphastrea microphthalma,NA,NA,NA,NA,NA,NA,Aquatic,Animalia,Sessile
Cyprinodon diabolis,26.56098624,0.820154704,2,0.198019065,0.059786745,0.285940333,Aquatic,Animalia,Mobile
Cyprinus carpio,4.751880217,0.702948619,2,0.2,0.181288081,0.407143266,Aquatic,Animalia,Mobile
Cypripedium calceolus,264.9026078,1.859274116,4.458503022,0.050026369,0.099253782,18.2797161,Terrestrial,Plantae,Sessile
Cypripedium fasciculatum,18.85062993,0.609155894,6.636023436,0.061062251,0.028887625,0.32015396,Terrestrial,Plantae,Sessile
Cypripedium parviflorum,49.45199343,0.731928013,12.55078186,0.01727845,0.00968379,0.000131447,Terrestrial,Plantae,Sessile
Cyrtandra dentata,12.11116331,0.786020963,5.410429755,0.175364689,0.15034727,0.359270567,Terrestrial,Plantae,Sessile
Cystoseira zosteroides,16.30024307,1.407341247,2.333333333,0.121730349,0.036628237,1.374892413,Aquatic,Plantae,Sessile
Cytisus scoparius,12.49039025,1.084725778,2.434000143,0.004009656,0.107091914,5.931203415,Terrestrial,Plantae,Sessile
Dacrydium elatum,127.2973678,1.668894831,46.30344029,0.008322547,0.009893998,0.37496336,Terrestrial,Plantae,Sessile
Dactylorhiza lapponica,13.24910665,0.035371191,5.058134545,0.246339534,0.272154914,0.148437602,Terrestrial,Plantae,Sessile
Daemonorops poilanei,0.1837891,1.475132696,2.204819277,0.221420375,0.041861558,1.482824404,Terrestrial,Plantae,Sessile
Dama dama,7.013046355,NA,3,0.075193349,0.008078126,0.129737701,Terrestrial,Animalia,Mobile
Danthonia sericea,15.71290582,1.219100864,2.165501166,0.074207842,0.097172509,1.438505777,Terrestrial,Plantae,Sessile
Daphne rodriguezii,36.4049176,0.933297425,1,0.046240729,0.01799467,1.557880683,Terrestrial,Plantae,Sessile
Daphnia magna,5.31326334,NA,4,0.139490713,0.086436709,1.002903337,Aquatic,Animalia,Mobile
Daphnia pulex,5.219177223,NA,3,0.140125886,0.097773436,0.822199857,Aquatic,Animalia,Mobile
Dasypus novemcinctus,4.291809288,0.751014681,2,0.191895963,0.081569942,0.589461769,Terrestrial,Animalia,Mobile
Daucus carota,2.147111185,0.421075482,4.178649237,0.202050171,0.259008064,1.27140965,Terrestrial,Plantae,Sessile
Dendropanax trifidus,NA,NA,NA,NA,NA,NA,Terrestrial,Plantae,Sessile
Dendrophylax lindenii,NA,NA,NA,NA,NA,NA,Terrestrial,Plantae,Sessile
Diadema antillarum,NA,NA,NA,NA,NA,NA,Aquatic,Animalia,Sessile
Dicentra canadensis,22.12489257,0.716022046,10.6871524,0.263624573,0.005820977,0.162080884,Terrestrial,Plantae,Sessile
Dicerandra frutescens,14.60951805,0.740901477,2.882009948,0.005632344,0.126927336,7.131165852,Terrestrial,Plantae,Sessile
Dicorynia guianensis,177.2488649,0.67699897,59.82352941,0.017423646,0.000699845,3.186350876,Terrestrial,Plantae,Sessile
Dicymbe altsonii,224.6389118,2.698169885,210.6517692,0.017773485,0.008955941,0.679212201,Terrestrial,Plantae,Sessile
Didelphis aurita,3.817759625,0.469699448,2,0.25,0.183287508,0.079363991,Terrestrial,Animalia,Mobile
Digitalis purpurea,NA,NA,1,NA,NA,NA,Terrestrial,Plantae,Sessile
Dioon caputoi,166.5295776,1.907926897,48.01757899,0.072676986,0.015344742,1.594676993,Terrestrial,Plantae,Sessile
Dioon edule,NA,NA,1,NA,NA,NA,Terrestrial,Plantae,Sessile
Dioon merolae,92.18425564,1.371043909,41.78920122,0.019810073,0.009517496,1.480139883,Terrestrial,Plantae,Sessile
Dioon sonorense,NA,NA,NA,NA,NA,NA,Terrestrial,Plantae,Sessile
Dioscorea chouardii,229.0644609,0.552029244,8.694694195,0.035043912,0.024663647,0.13491543,Terrestrial,Plantae,Sessile
Pseudodiploria strigosa,NA,NA,NA,NA,NA,NA,Aquatic,Animalia,Sessile
Dipsacus fullonum,4.957940728,NA,3.649744943,0.124809413,0.059850025,0.647739609,Terrestrial,Plantae,Sessile
Disporum sessile,NA,NA,NA,NA,NA,NA,Terrestrial,Plantae,Sessile
Disporum smilacinum,NA,NA,NA,NA,NA,NA,Terrestrial,Plantae,Sessile
Draba asterophora,15.07076218,0.612324968,2,0.057852893,0.013834567,0.806692911,Terrestrial,Plantae,Sessile
Dracaena cinnabari,NA,NA,NA,NA,NA,NA,Terrestrial,Plantae,Sessile
Dracocephalum austriacum,18.74521943,0.9039797,4.191379915,0.15299148,0.042837689,0.726878419,Terrestrial,Plantae,Sessile
Drymarchon couperi,5.554760942,0.419241066,2,0.332871845,0.130165718,0.347844176,Terrestrial,Animalia,Mobile
Duguetia neglecta,177.7700878,2.29914288,101.2091565,0.008942923,0.005855302,1.729192206,Terrestrial,Plantae,Sessile
Dypsis decaryi,78.09117622,1.27829707,13.63464487,0.029788208,0.074016297,1.515906657,Terrestrial,Plantae,Sessile
Echeveria longissima,37.73260405,0.928258252,3.502439025,0.076775455,0.010479136,0.363157254,Terrestrial,Plantae,Sessile
Echinacea angustifolia,1.551519767,0.216525549,1,0.5,0.334354839,0.176604144,Terrestrial,Plantae,Sessile
Echinocactus platyacanthus,72.00549472,1.340647517,9.764111702,0.142839349,0.135525396,18.28291867,Terrestrial,Plantae,Sessile
Echinochloa crus-galli,NA,NA,NA,NA,NA,NA,Terrestrial,Plantae,Sessile
Echinospartum ibericum,11.79440371,0.104037422,3.621919245,0.005703871,0.449195792,10.33351965,Terrestrial,Plantae,Sessile
Echium vulgare,3.67159695,NA,3.718390805,0.242878594,0.2889297,0.087471655,Terrestrial,Plantae,Sessile
Ecklonia radiata,5.569242128,0.73355967,2.850134583,0.074376488,0.033761315,0.606492178,Aquatic,Chromalveolata,Sessile
Eidolon helvum,5.386639605,0.440445514,2,0.333333333,0.1667534,0.447970504,Terrestrial,Animalia,Mobile
Eisenia fetida,NA,NA,NA,NA,NA,NA,Terrestrial,Animalia,Sessile
Elephas maximus,NA,0.553137959,16,NA,NA,NA,Terrestrial,Animalia,Mobile
Elymus repens,5.260890026,0.029864992,2.075268817,0.190543786,0.475560822,0.011775422,Terrestrial,Plantae,Sessile
Emydura macquarii,54.53457748,0.084916164,5.095975232,0.327885869,0.288225584,0.075678433,Aquatic,Animalia,Mobile
Encephalartos cycadifolius,110.6415158,2.81106202,32.73450869,0.030915368,0.029399281,1.887127709,Terrestrial,Plantae,Sessile
Encephalartos villosus,82.98833309,1.159170181,22.30138707,0.039923453,0.014466151,0.689019122,Terrestrial,Plantae,Sessile
Enhydra lutris,8.986638235,NA,3,0.04987367,0.014891129,0.848567767,Aquatic,Animalia,Mobile
Entandrophragma cylindricum,105.5062737,0.431629239,36.86444245,0.039482991,0.002267546,2.966639521,Terrestrial,Plantae,Sessile
Eperua falcata,181.9039687,0.73225385,54.76344086,0.022576046,0.00084376,2.619149532,Terrestrial,Plantae,Sessile
Epidalea calamita,7.327125193,0.352436085,3,0.069914229,0.062195083,0.476421437,Terrestrial,Animalia,Mobile
Epipactis atrorubens,61.03620742,1.1607432,8.386101419,0.023444898,0.001535822,0.102933212,Terrestrial,Plantae,Sessile
Eremophila forrestii,108.3718136,0.713076901,11.9932524,0.055881149,0.005788654,0.474758554,Terrestrial,Plantae,Sessile
Eremophila maitlandii,43.76819806,0.623140354,9.404881471,0.067494828,0.00879419,1.067787111,Terrestrial,Plantae,Sessile
Eremospatha macrocarpa,67.1232157,1.077188545,10.82352712,0.094332868,0.017752613,0.190503441,Terrestrial,Plantae,Sessile
Erigeron kachinensis,NA,NA,NA,NA,NA,NA,Terrestrial,Plantae,Sessile
Erimyzon sucetta,3.244295071,NA,2,0.111111032,0.149806419,0.603117898,Aquatic,Animalia,Mobile
Eriogonum longifolium,31.54624784,0.406117017,14.70097265,0.043510792,0.013702855,0.41469067,Terrestrial,Plantae,Sessile
Eriophorum angustifolium,NA,NA,NA,NA,NA,NA,Terrestrial,Plantae,Sessile
Eritrichium caucasicum,NA,NA,NA,NA,NA,NA,Terrestrial,Plantae,Sessile
Erodium paularense,32.16791148,0.659699052,2,0.102043808,0.012986197,0.422839634,Terrestrial,Plantae,Sessile
Erophila verna,NA,0,1,0.049727426,0.258680801,0,Terrestrial,Plantae,Sessile
Erycina crista-galli,5.864125168,0.339521473,2,0.231345807,0.011980335,0.022572823,Terrestrial,Plantae,Sessile
Eryngium cuneifolium,8.387446304,0.810594968,3.063923633,0.001498143,0.067683,2.115185989,Terrestrial,Plantae,Sessile
Eryngium maritimum,0.573926677,0.58351456,2.989715643,0.266000631,0.214376035,0.561580534,Terrestrial,Plantae,Sessile
Erythrocebus patas,3.499143864,0.249166868,2,0.5,0.232686165,0.271671851,Terrestrial,Animalia,Mobile
Erythronium japonicum,32.23981386,1.096983819,12.99750779,0.061452681,0.052771393,2.089717359,Terrestrial,Plantae,Sessile
Escobaria robbinsorum,26.45137223,0.736314408,6.842364462,0.244969573,0.247956599,6.713704916,Terrestrial,Plantae,Sessile
Escontria chiotilla,61.79239135,1.258643781,52.36283342,0.055717532,0.047807475,2.923521655,Terrestrial,Plantae,Sessile
Esox lucius,6.19182271,0.001184543,4,0.0625,0.085851732,0.29032212,Aquatic,Animalia,Mobile
Etheostoma flabellare,2.07153051,0.110015826,2,0.333333333,2.117454649,1.057201705,Aquatic,Animalia,Mobile
Eulamprus tympanum,NA,NA,NA,NA,NA,NA,Terrestrial,Animalia,Mobile
Eumetopias jubatus,9.644827956,NA,4,0.031230588,0.00460973,0.265576894,Aquatic,Animalia,Mobile
Eupatorium perfoliatum,17.61367214,0.270895876,2.085782728,0.286406742,0.008098173,0.04373224,Terrestrial,Plantae,Sessile
Eupatorium resinosum,4.075053338,0.234637764,1,0.119292819,0.213119548,0.152682994,Terrestrial,Plantae,Sessile
Euphorbia fontqueriana,21.64095403,0.228121224,2.639344262,0.067859935,0.014196842,0.245247736,Terrestrial,Plantae,Sessile
Euterpe edulis,34.87249736,1.258097193,23.22077696,0.037573567,0.062573469,2.071909257,Terrestrial,Plantae,Sessile
Euterpe oleracea,14.4508968,1.180584663,9.275674038,0.768551948,6.59E-05,0.003545804,Terrestrial,Plantae,Sessile
Euterpe precatoria,55.74639514,1.258736828,16.98385631,0.084845546,0.017694016,0.129967386,Terrestrial,Plantae,Sessile
Fagus crenata,NA,NA,NA,NA,NA,NA,Terrestrial,Plantae,Sessile
Fagus grandifolia,28.22647083,1.092320725,12.72444056,0.026288691,0.008157068,0.65770433,Terrestrial,Plantae,Sessile
Falco concolor,NA,NA,NA,NA,NA,NA,Terrestrial,Animalia,Mobile
Falco naumanni,3.825392255,0.276383656,2,0.5,0.369433702,0.24811741,Terrestrial,Animalia,Mobile
Festuca eskia,NA,NA,NA,NA,NA,NA,Terrestrial,Plantae,Sessile
Forpus passerinus,38.3509271,0.583796461,2.449030302,0.509989961,0.094272042,0.218880336,Terrestrial,Animalia,Mobile
Fragaria vesca,NA,NA,NA,NA,NA,NA,Terrestrial,Plantae,Sessile
Fritillaria biflora,NA,NA,NA,NA,NA,NA,Terrestrial,Plantae,Sessile
Fritillaria camschatcensis,NA,NA,1,NA,NA,NA,Terrestrial,Plantae,Sessile
Fritillaria meleagris,15.55737823,0.749134611,5.167585632,0.039567697,0.019455693,0.969672293,Terrestrial,Plantae,Sessile
Fucus serratus,8.304546789,0.568640143,2,0.139073352,0.128796175,0.522058876,Aquatic,Chromalveolata,Sessile
Fucus vesiculosus,10.62699416,0.594679288,6.949094149,0.097695515,0.074087974,0.579933006,Aquatic,Chromalveolata,Sessile
Fulmarus glacialis,23.24799641,0.338095957,9,0.111111111,0.005039303,0.01366962,Terrestrial,Animalia,Mobile
Fumana procumbens,29.69587,0.668470821,4.491434837,0.061653897,0.024564034,0.804406845,Terrestrial,Plantae,Sessile
Gardenia actinocarpa,9.503023333,1.165468251,4.599047463,0.10291819,0.114222228,2.956842838,Terrestrial,Plantae,Sessile
Gavia immer,6.376591024,0.257551647,1,0.5,0.150438853,0.105563841,Terrestrial,Animalia,Mobile
Gelidium sesquipedale,NA,NA,NA,NA,NA,NA,Aquatic,Plantae,Sessile
Gentianella campestris,NA,NA,2,NA,NA,NA,Terrestrial,Plantae,Sessile
Genypterus blacodes,6.468133795,0.469917408,5,0.1293248,0.040732271,0.34810358,Aquatic,Animalia,Mobile
Geonoma deversa,NA,NA,NA,NA,NA,NA,Terrestrial,Plantae,Sessile
Geonoma macrostachys,102.1107653,1.510253913,23.10073796,0.011352703,0.011917409,0.721085488,Terrestrial,Plantae,Sessile
Geonoma orbignyana,52.17087244,1.216137384,34.36309952,0.019264168,0.012068255,0.758252733,Terrestrial,Plantae,Sessile
Geonoma pohliana,14.97075763,0.757483267,4.184713376,0.042329131,0.037474867,1.366030984,Terrestrial,Plantae,Sessile
Geonoma schottiana,68.12138236,1.88889866,31.3578271,0.002925262,0.050668249,2.83432872,Terrestrial,Plantae,Sessile
Geum reptans,7.721906051,0.619413334,4.380952381,0.092596099,0.017563857,0.654888136,Terrestrial,Plantae,Sessile
Geum rivale,22.84100546,0.888135881,8.376619268,0.107085255,0.048176948,0.150665366,Terrestrial,Plantae,Sessile
Gilia tenuiflora,NA,NA,1,NA,NA,NA,Terrestrial,Plantae,Sessile
Giraffa camelopardalis,15.90561199,0.419337229,3,0.333333333,0.071535381,0.115135354,Terrestrial,Animalia,Mobile
Globicephala macrorhynchus,NA,NA,NA,NA,NA,NA,Aquatic,Animalia,Mobile
Goniastrea favulus,NA,NA,NA,NA,NA,NA,Aquatic,Animalia,Sessile
Gorgonia ventalina,9.343416396,0.94140467,3.252245647,0.040485307,0.040093706,1.059296092,Aquatic,Animalia,Sessile
Gorilla beringei,38.8165862,0.157125585,10,0.090909091,0.004713187,0.025198222,Terrestrial,Animalia,Mobile
Gracilaria gracilis,27.15207923,-0.657230027,49.07658369,0.249959143,0.28138816,20.26482426,Aquatic,Plantae,Sessile
Grias peruviana,60.5782274,1.154821448,17.63113695,0.073787981,0.066461694,1.781200213,Terrestrial,Plantae,Sessile
Guaiacum sanctum,NA,NA,41.22039062,NA,NA,NA,Terrestrial,Plantae,Sessile
Guarianthe aurantiaca,41.45123823,0.709900445,8.833181202,0.101910331,0.008749187,0.207401744,Terrestrial,Plantae,Sessile
Guettarda viburnoides,40.95611822,0.427534109,5.080232626,0.13121868,0.124596891,0.069035756,Terrestrial,Plantae,Sessile
Gyps coprotheres,11.90403766,0.405813197,4,0.2,0.038113757,0.175729519,Terrestrial,Animalia,Mobile
Haliaeetus albicilla,NA,NA,5,NA,NA,NA,Terrestrial,Animalia,Mobile
Haliotis corrugata,NA,NA,NA,NA,NA,NA,Aquatic,Animalia,Sessile
Haliotis laevigata,8.114103462,1.27051622,3.511683498,0.138479302,0.219444713,1.780405732,Aquatic,Animalia,Sessile
Haliotis rufescens,9.183190615,0.737318019,4.199456753,0.070429069,0.071841794,0.779615443,Aquatic,Animalia,Sessile
Harrisia fragrans,47.18608369,1.176745932,3.293052052,0.06262749,0.005798137,0.146328601,Terrestrial,Plantae,Sessile
Helenium virginicum,NA,NA,3.337731531,NA,NA,NA,Terrestrial,Plantae,Sessile
Helianthemum juliae,8.831321905,0.667609743,3.066115702,0.080266266,0.098593516,0.855107083,Terrestrial,Plantae,Sessile
Helianthemum polygonoides,16.39557264,0.885613753,2.680672269,0.001407401,0.065108377,0.792377295,Terrestrial,Plantae,Sessile
Helianthemum teneriffae,3.770114856,0.637671863,2.377410468,0.16556866,0.14607302,0.671651896,Terrestrial,Plantae,Sessile
Helianthus divaricatus,NA,NA,NA,NA,NA,NA,Terrestrial,Plantae,Sessile
Heliconia acuminata,51.57937537,0.181664844,2.025641026,0.079661608,0.005539,0.355233173,Terrestrial,Plantae,Sessile
Helioseris cucullata,NA,NA,NA,NA,NA,NA,Aquatic,Animalia,Sessile
Heracleum mantegazzianum,7.872940765,0.574754192,4.970683226,0.094649152,0.058840007,0.131840496,Terrestrial,Plantae,Sessile
Herminium monorchis,NA,NA,NA,NA,NA,NA,Terrestrial,Plantae,Sessile
Heteropogon contortus,12.33733796,0.404994577,1,0.053591201,0.036277009,0.425139552,Terrestrial,Plantae,Sessile
Heteropsis flexuosa,NA,NA,1,NA,NA,NA,Terrestrial,Plantae,Sessile
Heteropsis macrophylla,NA,NA,1,NA,NA,NA,Terrestrial,Plantae,Sessile
Heteropsis oblongifolia,NA,NA,1,NA,NA,NA,Terrestrial,Plantae,Sessile
Hilaria mutica,6.782116712,0.725661484,2.233273725,0.10790279,0.113037793,0.682271465,Terrestrial,Plantae,Sessile
Himantoglossum hircinum,6.396211709,0.114296582,7.496506182,0.195797676,0.257542352,7.721967414,Terrestrial,Plantae,Sessile
Himantopus novaezelandiae,6.177005709,0.430153608,3,0.333333333,0.077158931,0.069404382,Terrestrial,Animalia,Mobile
Himatanthus drasticus,NA,NA,NA,NA,NA,NA,Terrestrial,Plantae,Sessile
Hippocamelus bisulcus,17.17981838,0.153389932,3,0.333333333,0.026606249,0.090272782,Terrestrial,Animalia,Mobile
Hirundo rustica,2.922127929,0.184170863,2,0.5,0.372184804,0.275924685,Terrestrial,Animalia,Mobile
Hoplocephalus bungaroides,9.978478538,0.780241028,6,0.166666667,0.062591054,0.064705863,Terrestrial,Animalia,Mobile
Horkelia congesta,14.02192488,0.396454488,4.831004112,0.073999406,0.018607461,0.530775966,Terrestrial,Plantae,Sessile
Hudsonia montana,NA,NA,NA,NA,NA,NA,Terrestrial,Plantae,Sessile
Hybognathus argyritis,2.416064757,NA,2,0.199998322,0.460705499,0.185166901,Aquatic,Animalia,Mobile
Hydrangea paniculata,NA,NA,NA,NA,NA,NA,Terrestrial,Plantae,Sessile
Hydrastis canadensis,11.40444669,0.379831525,4.431599596,0.192014645,0.075223907,2.958967083,Terrestrial,Plantae,Sessile
Hyparrhenia diplandra,11.67784431,1.460940572,2.278554381,0.05025612,0.2394362,1.336217677,Terrestrial,Plantae,Sessile
Hypericum cumulicola,NA,NA,1,NA,NA,NA,Terrestrial,Plantae,Sessile
Impatiens capensis,NA,NA,NA,NA,NA,NA,Terrestrial,Plantae,Sessile
Ipomoea leptophylla,6.643824137,0.8263864,4.333333333,0.054036626,0.164074052,0.494241313,Terrestrial,Plantae,Sessile
Ipomopsis aggregata,3.190099675,NA,2,0.142527624,0.061200678,0.065198663,Terrestrial,Plantae,Sessile
Ipomopsis tenuituba,7.64127034,NA,5,0.076895709,0.060972673,0.228928988,Terrestrial,Plantae,Sessile
Iriartea deltoidea,53.50101358,1.272753708,25.26604661,0.011493626,0.016592985,1.020643863,Terrestrial,Plantae,Sessile
Iris germanica,NA,NA,13.5,NA,NA,NA,Terrestrial,Plantae,Sessile
Isatis tinctoria,4,NA,3,0.199685024,0.235689057,6.526359753,Terrestrial,Plantae,Sessile
Isurus oxyrinchus,17.43471304,1.070473482,11.80813751,0.028159681,0.01822508,1.222764245,Aquatic,Animalia,Mobile
Jacobaea vulgaris,NA,0.225333265,8.868131868,0.109922426,0.128956491,4.256877071,Terrestrial,Plantae,Sessile
Jacquiniella leucomelana,NA,NA,NA,NA,NA,NA,Terrestrial,Plantae,Sessile
Jacquiniella teretifolia,NA,NA,NA,NA,NA,NA,Terrestrial,Plantae,Sessile
Juniperus procera,103.4131844,2.455290799,46.78754579,0.004232905,0.010136556,2.808820326,Terrestrial,Plantae,Sessile
Jurinea fontqueri,6.551552115,0.224226184,3.463054187,0.06085982,0.019676678,0.092004614,Terrestrial,Plantae,Sessile
Jynx torquilla,1.617739825,0.245542444,1,0.5,0.31151,0.200351557,Terrestrial,Animalia,Mobile
Kinosternon flavescens,12.90442676,0.561089827,4,0.25,0.16792936,0.109121466,Aquatic,Animalia,Mobile
Kinosternon integrum,15.79388064,0.680175657,5.947714315,0.094306051,0.067132351,0.080078027,Aquatic,Animalia,Mobile
Kinosternon subrubrum,10.6248809,NA,5,0.021276595,0.008117745,0.627635684,Aquatic,Animalia,Mobile
Knautia arvensis,8.441443853,0.033259256,2.540318377,0.124464667,0.000780628,0.000141607,Terrestrial,Plantae,Sessile
Kobus ellipsiprymnus,NA,NA,NA,NA,NA,NA,Terrestrial,Animalia,Mobile
Koeleria macrantha,4.315918406,0.100858265,8.469512195,0.44901601,0.007002193,0.069149457,Terrestrial,Plantae,Sessile
Kosteletzkya pentacarpos,24.8298615,0.967455144,2.261034048,0.157201623,0.169361845,0.910853152,Terrestrial,Plantae,Sessile
Kummerowia striata,1.367174931,0,1,0.197778375,0.238801655,0,Terrestrial,Plantae,Sessile
Laccosperma secundiflorum,48.2705257,0.477390003,35.6577074,0.011263656,0.006036175,0.134409491,Terrestrial,Plantae,Sessile
Lactuca serriola,NA,NA,2,NA,NA,NA,Terrestrial,Plantae,Sessile
Lactuca virosa,NA,NA,3,NA,NA,0,Terrestrial,Plantae,Sessile
Lagopus leucura,1.629983916,0.218382013,1,0.5,0.317293333,0.178168126,Terrestrial,Animalia,Mobile
Lagopus muta,2.441996388,0.271858663,1,0.5,0.251071437,0.230874817,Terrestrial,Animalia,Mobile
Lagothrix lagotricha,21.21483399,0.826414678,8.027663455,0.044404029,0.016937974,0.527867531,Terrestrial,Animalia,Mobile
Laminaria digitata,7.086968213,0.761018274,2.517450683,0.052684682,0.02513248,0.281712035,Aquatic,Chromalveolata,Sessile
Lantana camara,8.581006391,0.544470784,2.111111111,0.026628176,0.760319152,11.01515695,Terrestrial,Plantae,Sessile
Larus heermanni,9.633179183,NA,5,0.035714217,0.00825342,0.410498362,Terrestrial,Animalia,Mobile
Laserpitium longiradium,18.022359,0.25389278,5.687709995,0.073027904,0.018972231,0.059785537,Terrestrial,Plantae,Sessile
Lathyrus vernus,207.3732698,0.524436734,8.603042918,0.040776598,0.028943215,0.309046214,Terrestrial,Plantae,Sessile
Lechea deckertii,NA,NA,3.127150194,NA,NA,NA,Terrestrial,Plantae,Sessile
Leontopodium nivale,1.150519717,NA,2,0.442885018,0.064968292,0,Terrestrial,Plantae,Sessile
Lepanthes acuminata,8.328533567,0.690165943,2.743527433,0.174134789,0.110657193,0.763666445,Terrestrial,Plantae,Sessile
Lepanthes eltoroensis,377.6350303,2.099972171,28.81252681,0.089933159,0.001503086,0.036348513,Terrestrial,Plantae,Sessile
Lepanthes rubripetala,35.439117,0.745659456,8.299437238,0.121457072,0.016542562,0.615028935,Terrestrial,Plantae,Sessile
Lepanthes rupestris,38.85543219,0.690389824,5.767193019,0.102548786,0.033282546,1.07277875,Terrestrial,Plantae,Sessile
Lepetodrilus fucensis,7.625584151,1.029444497,5.744840116,0.063264593,0.150004056,0.695651119,Aquatic,Animalia,Sessile
Lepidium campestre,NA,NA,1,NA,NA,NA,Terrestrial,Plantae,Sessile
Lepidium davisii,68.45958583,0.519312359,3.174779828,0.290097617,0.003168818,0.011994837,Terrestrial,Plantae,Sessile
Leptogorgia virgulata,42.37740145,1.344761173,8.152004435,0.086719059,0.021169608,1.073313464,Aquatic,Animalia,Sessile
Leptonychotes weddellii,NA,NA,NA,NA,NA,NA,Aquatic,Animalia,Mobile
Lepus europaeus,3.350753644,0.116396619,2,0.16150658,0.1132482,0.437484182,Terrestrial,Animalia,Mobile
Lespedeza juncea,0.004590214,0.722350458,1,0.164555857,4.102893182,4.889044841,Terrestrial,Plantae,Sessile
Lespedeza virginica,0.262074294,1.0813684,1,0.163653764,0.296345772,5.163918563,Terrestrial,Plantae,Sessile
Liatris scariosa,4.442193896,0.579463175,4.63601134,0.118120849,0.129584709,0.505369883,Terrestrial,Plantae,Sessile
Ligularia sibirica,NA,-1.463259899,6.253451099,0.033631211,0.178419955,0,Terrestrial,Plantae,Sessile
Limonium carolinianum,17.53128403,0.468259889,3.766784452,0.140928754,0.137225779,2.950390065,Terrestrial,Plantae,Sessile
Limonium delicatulum,NA,NA,3,NA,NA,NA,Terrestrial,Plantae,Sessile
Limonium erectum,6.174350667,0.631124376,2.581777918,0.088435911,0.08093499,0.583399762,Terrestrial,Plantae,Sessile
Limonium geronense,10.70833789,0.616422393,3.88731253,0.09415546,0.03979432,0.407545522,Terrestrial,Plantae,Sessile
Limonium malacitanum,13.10780305,0.789173938,3.001328186,0.105579486,0.02702106,0.161398354,Terrestrial,Plantae,Sessile
Lindera benzoin,NA,NA,NA,NA,NA,NA,Terrestrial,Plantae,Sessile
Lindera umbellata,136.5784477,1.388063067,10.5502162,0.078828061,0.003786116,0.076409984,Terrestrial,Plantae,Sessile
Linnaea borealis,4.142536875,0.528466524,2.336499511,0.165358024,0.093195268,0.617611383,Terrestrial,Plantae,Sessile
Linum catharticum,NA,NA,2,NA,NA,NA,Terrestrial,Plantae,Sessile
Linum flavum,4.745373486,0.554308898,3.091145218,0.251191466,0.816122529,2.202244691,Terrestrial,Plantae,Sessile
Linum tenuifolium,4.427491886,0.587095638,3.104614857,0.215607766,0.257552045,0.50151304,Terrestrial,Plantae,Sessile
Lithospermum ruderale,22.52326727,1.071771538,4.677854146,0.136752844,0.071386262,0.171798667,Terrestrial,Plantae,Sessile
Lobelia boykinii,NA,NA,NA,NA,NA,NA,Terrestrial,Plantae,Sessile
Lomatium bradshawii,7.547563876,0.688463275,2.701677193,0.127792603,0.057036294,0.464493399,Terrestrial,Plantae,Sessile
Lomatium cookii,9.249650791,0.835061485,5.964035431,0.09445886,0.046063948,0.889736726,Terrestrial,Plantae,Sessile
Lonicera maackii,5.965080397,0.479802696,8.148175726,0.019633771,0.301940545,6.778995895,Terrestrial,Plantae,Sessile
Lontra canadensis,5.75615556,0.442831869,2,0.333333333,0.112919833,0.385373581,Aquatic,Animalia,Mobile
Lophophora diffusa,24.79958436,1.067018353,5.744889916,0.142588748,0.126746674,12.27645192,Terrestrial,Plantae,Sessile
Lotus arinagensis,3.490786905,0.170119761,2,0.249543806,0.208547194,0.278464329,Terrestrial,Plantae,Sessile
Lupinus arboreus,6.259994003,0.672058862,1,0.000453193,0.08406901,5.198206354,Terrestrial,Plantae,Sessile
Lupinus lepidus,2.070963124,0.436585062,1,0.245670128,0.496662435,3.739513561,Terrestrial,Plantae,Sessile
Lupinus tidestromii,28.52966945,0.585553705,2,0.158531263,0.047784676,0.312719363,Terrestrial,Plantae,Sessile
Lutra lutra,NA,NA,NA,NA,NA,NA,Aquatic,Animalia,Mobile
Lycalopex culpaeus,4.116532601,0.362482904,2,0.333333333,0.184398541,0.371281365,Terrestrial,Animalia,Mobile
Lycaste aromatica,NA,NA,NA,NA,NA,NA,Terrestrial,Plantae,Sessile
Macaca mulatta,9.884201037,0.450170084,3,0.166666667,0.02926756,0.375316558,Terrestrial,Animalia,Mobile
Maccullochella peelii,11.21750364,1.02571008,5,0.1,0.0652862,0.251033639,Aquatic,Animalia,Mobile
Macquaria ambigua,6.01936257,0.588344636,3,0.25,0.177579972,0.210558227,Aquatic,Animalia,Mobile
Macrocystis pyrifera,NA,NA,NA,NA,NA,NA,Aquatic,Chromalveolata,Sessile
Macropus eugenii,5.165612776,0.265557288,1,0.5,0.145241467,0.235113596,Terrestrial,Animalia,Mobile
Magnolia fordiana,116.6040918,1.105988364,33.68622385,0.020308756,0.010572624,0.008228963,Terrestrial,Plantae,Sessile
Magnolia salicifolia,641.6683754,1.649891136,20.05028356,0.069636826,0.000200248,0.017781478,Terrestrial,Plantae,Sessile
Malacothrix indecora,NA,NA,1,NA,NA,NA,Terrestrial,Plantae,Sessile
Mammillaria crucigera,67.78686747,0.056501273,2,0.124531831,0.080037109,0.055730877,Terrestrial,Plantae,Sessile
Mammillaria dixanthocentron,NA,0.555773921,5.333333333,NA,NA,NA,Terrestrial,Plantae,Sessile
Mammillaria hernandezii,31.4986713,1.445742119,3.890334186,0.009895012,0.037982331,0.504211295,Terrestrial,Plantae,Sessile
Mammillaria huitzilopochtli,8.074623537,1.209015881,3.750087504,0.138887707,0.140431357,0.854306411,Terrestrial,Plantae,Sessile
Mammillaria magnimamma,17.09103989,1.198062148,2,0.130443131,0.132003236,1.593252199,Terrestrial,Plantae,Sessile
Mammillaria mystax,13.31721141,0.622673883,7.31738119,0.072834685,0.043684597,1.226080422,Terrestrial,Plantae,Sessile
Mammillaria napina,74.74305129,1.742905645,4.94059833,0.002897949,0.028234196,2.101418159,Terrestrial,Plantae,Sessile
Mammillaria pectinifera,5.559865836,0.800302112,4.382086708,0.199972801,0.841083234,16.13134385,Terrestrial,Plantae,Sessile
Mammillaria supertexta,9.142213734,1.065135937,6.504504505,0.061446264,0.061389941,1.119346117,Terrestrial,Plantae,Sessile
Manilkara zapota,98.20086132,1.477857518,52.90855879,0.035904211,0.032047597,1.157525237,Terrestrial,Plantae,Sessile
Marmota flaviventris,4.210145972,NA,2,0.098791502,0.033047288,0.434884753,Terrestrial,Animalia,Mobile
Mauritia flexuosa,30.63415913,1.706546873,24.33145654,0.007297037,0.067776198,1.303685581,Terrestrial,Plantae,Sessile
Melaleuca viridiflora,NA,NA,NA,NA,NA,NA,Terrestrial,Plantae,Sessile
Melampyrum pratense,NA,NA,NA,NA,NA,NA,Terrestrial,Plantae,Sessile
Melocactus bahiensis,19.83278601,1.136368696,8.466364845,0.018286722,0.131043335,0.393907113,Terrestrial,Plantae,Sessile
Melocactus ernestii,34.92515082,1.384331355,12.08965856,0.034017872,0.12246165,0.816477447,Terrestrial,Plantae,Sessile
Mesocentrotus franciscanus,NA,NA,NA,NA,NA,NA,Aquatic,Animalia,Sessile
Miconia albicans,29.54972466,1.842285543,7.80713448,0.001887036,0.070891601,10.54704362,Terrestrial,Plantae,Sessile
Miconia prasina,NA,NA,NA,NA,NA,NA,Terrestrial,Plantae,Sessile
Microberlinia bisulcata,99.44736512,2.572861054,74.28439218,0.135800274,0.135072075,3.383855713,Terrestrial,Plantae,Sessile
Microtus oeconomus,43.82588165,0.02276745,3,0.333333333,0.009500672,0.050458847,Terrestrial,Animalia,Mobile
Milvus migrans,5.56255679,1.06820057,1,0.083333333,0.034176174,1.11946874,Terrestrial,Animalia,Mobile
Minuartia obtusiloba,NA,NA,3,NA,NA,NA,Terrestrial,Plantae,Sessile
Mirounga angustirostris,10.84265413,NA,6,0.066600862,0.015459593,0.139670251,Aquatic,Animalia,Mobile
Mirounga leonina,11.58585118,0.541811683,6,0.166666667,0.027734901,0.047567227,Aquatic,Animalia,Mobile
Molinia caerulea,22.50006273,1.156560456,4.098224117,0.122891763,0.108797762,0.155137649,Terrestrial,Plantae,Sessile
Orbicella annularis,NA,NA,NA,NA,NA,NA,Aquatic,Animalia,Sessile
Murdannia nudiflora,5.705982698,0.013787487,3,1.204132404,0.513435699,2.433453703,Terrestrial,Plantae,Sessile
Murdannia simplex,NA,NA,NA,NA,NA,NA,Terrestrial,Plantae,Sessile
Mustela erminea,1.699491007,0.356958701,1,0.333333333,0.311010673,0.390319733,Terrestrial,Animalia,Mobile
Mya arenaria,5.738786144,0.96859473,2,0.125,0.262977804,1.81933596,Aquatic,Animalia,Sessile
Myosotis ramosissima,NA,NA,1,NA,NA,NA,Terrestrial,Plantae,Sessile
Mytilus californianus,6.058391308,0.049924243,2.007455168,0.143021335,0.141487162,0.461641928,Aquatic,Animalia,Sessile
Mytilus galloprovincialis,NA,NA,2.004722194,NA,NA,NA,Aquatic,Animalia,Sessile
Narcissus poeticus,NA,NA,NA,NA,NA,NA,Terrestrial,Plantae,Sessile
Nardostachys jatamansi,11.91104277,0.504635419,2.658215518,0.104802509,0.048063448,0.806048687,Terrestrial,Plantae,Sessile
Neobuxbaumia macrocephala,62.89306749,1.613786549,36.94135502,0.0733149,0.070596569,1.371905135,Terrestrial,Plantae,Sessile
Neobuxbaumia mezcalaensis,57.48217391,1.877540885,48.12559352,0.075868292,0.0794776,0.124431989,Terrestrial,Plantae,Sessile
Neobuxbaumia polylopha,76.92555378,1.606290145,16.5580114,0.000510187,0.094724498,11.86753764,Terrestrial,Plantae,Sessile
Neobuxbaumia tetetzo,118.5036791,2.550013411,72.96087244,0.009738584,0.009667923,0.669741029,Terrestrial,Plantae,Sessile
Neotinea ustulata,0.333333333,0.17859432,4.47947112,0.110298607,0.064506615,0.433332085,Terrestrial,Plantae,Sessile
Nipponia nippon,NA,NA,NA,NA,NA,NA,Terrestrial,Animalia,Mobile
Nocomis leptocephalus,2.013669658,0.011559913,2,0.333333333,2.258536232,0.152022872,Aquatic,Animalia,Mobile
Notropis photogenis,1.052293311,0.01566025,3,851.1158081,0.091286178,0.578640714,Aquatic,Animalia,Mobile
Nuttallia obscurata,10.32392025,0.886319993,2.020408163,0.115879201,0.038368607,0.285872859,Aquatic,Animalia,Sessile
Odocoileus virginianus,7.094736906,0.291587408,2,0.333333333,0.110287207,0.191905215,Terrestrial,Animalia,Mobile
Oenothera deltoides,NA,NA,2,NA,NA,NA,Terrestrial,Plantae,Sessile
Olearia flocktoniae,NA,NA,NA,NA,NA,NA,Terrestrial,Plantae,Sessile
Oligocottus maculosus,NA,NA,NA,NA,NA,NA,Aquatic,Animalia,Mobile
Oncidium poikilostalix,8.922164966,0.476067845,2.919799624,0.199175226,0.085346638,0.735041847,Terrestrial,Plantae,Sessile
Oncorhynchus tshawytscha,4.771544284,NA,3,0.194481769,0.151163566,0.078107773,Aquatic,Animalia,Mobile
Onychogalea fraenata,6.485520915,0.387342249,4,0.25,0.126053017,0.026922381,Terrestrial,Animalia,Mobile
Opuntia macrocentra,651.063648,0.897749915,6.263157895,0.009867291,0.089142269,22.46214387,Terrestrial,Plantae,Sessile
Opuntia macrorhiza,NA,NA,NA,NA,NA,NA,Terrestrial,Plantae,Sessile
Opuntia microdasys,NA,1.59088017,4.75,NA,NA,NA,Terrestrial,Plantae,Sessile
Opuntia rastrera,NA,1.079806926,1,NA,NA,16.65762686,Terrestrial,Plantae,Sessile
Orchis purpurea,31.5663959,0.074269819,5.98329841,0.165649548,0.167559538,11.19979842,Terrestrial,Plantae,Sessile
Orcinus orca,28.72058859,0.895886696,8.900325588,0.034074534,0.005728179,1.333963145,Aquatic,Animalia,Mobile
Oreamnos americanus,NA,NA,NA,NA,NA,NA,Terrestrial,Animalia,Mobile
Ovis aries,8.035845234,0.381886046,3,0.112712984,0.061157075,0.144196108,Terrestrial,Animalia,Mobile
Ovis canadensis,NA,NA,NA,NA,NA,NA,Terrestrial,Animalia,Mobile
Oxalis acetosella,10.64600887,0.567467845,3.660871116,0.164488999,0.02316976,0.102678371,Terrestrial,Plantae,Sessile
Oxandra asbeckii,97.94295878,0.019500178,1,0.040162812,0.0078,2.730822954,Terrestrial,Plantae,Sessile
Oxytropis jabalambrensis,3.002648819,0.43883418,2.16813555,0.202201852,0.318524219,0.113024244,Terrestrial,Plantae,Sessile
Pachycereus pecten-aboriginum,107.575755,0.015264497,115.2190209,0.008819034,0.011493323,2.460739754,Terrestrial,Plantae,Sessile
Pagurus longicarpus,3.118316139,0.629950185,2.396648045,0.177677587,0.173061147,0.671371644,Aquatic,Animalia,Sessile
Palaemonetes pugio,22.04362444,0.658976946,3.265822785,0.140795095,0.101310954,0.471983405,Aquatic,Animalia,Sessile
Paliurus ramosissimus,1.236708766,0.959911635,1,0.153605359,0.627428167,0.472106472,Terrestrial,Plantae,Sessile
Panax quinquefolius,15.56295102,0.733601435,3.281600162,0.075021037,0.038740446,0.044249611,Terrestrial,Plantae,Sessile
Papio cynocephalus,21.85968833,0.319461459,7,0.125,0.014731391,0.05774394,Terrestrial,Animalia,Mobile
Paramuricea clavata,39.46916031,1.480203562,9.550002681,0.027653305,0.008987714,0.124950726,Aquatic,Animalia,Sessile
Parashorea chinensis,140.6553858,1.544977155,40.98901439,0.008057685,0.009576425,0.452136618,Terrestrial,Plantae,Sessile
Parkinsonia aculeata,11.82512517,0.311474147,2.020408163,0.133234002,0.210046591,4.974929152,Terrestrial,Plantae,Sessile
Parolinia glabriuscula,10.49770976,0.252825742,2.621271077,0.195327142,0.093657343,0.7982049,Terrestrial,Plantae,Sessile
Paronychia jamesii,1.333252166,0.17102871,1,0.5,0.411818182,0.152740248,Terrestrial,Plantae,Sessile
Paronychia pulvinata,NA,NA,3.002506266,NA,NA,NA,Terrestrial,Plantae,Sessile
Pedicularis furbishiae,10.16752757,0.836720179,4.860304632,0.117420854,0.109093132,0.391668065,Terrestrial,Plantae,Sessile
Pentaclethra macroloba,112.9417795,1.146834252,79.63249039,0.037122228,0.033704825,0.529007767,Terrestrial,Plantae,Sessile
Periandra mediterranea,21.95564286,0.688256583,4.174603175,0.038416231,0.019043692,1.446651847,Terrestrial,Plantae,Sessile
Pernis apivorus,8.95121472,0.330798438,4,0.25,0.032027261,0.071947671,Terrestrial,Animalia,Mobile
Persoonia bargoensis,NA,NA,2.581652827,NA,NA,NA,Terrestrial,Plantae,Sessile
Persoonia glaucescens,35.81758788,0.996350509,3.15285253,0.00029059,0.011203156,1.490122576,Terrestrial,Plantae,Sessile
Petauroides volans,NA,NA,NA,NA,NA,NA,Terrestrial,Animalia,Mobile
Petaurus australis,6.931058744,0.416176915,3,0.333333333,0.09050103,0.13822737,Terrestrial,Animalia,Mobile
Petrophile pulchella,12.21977213,0.811891349,5.571428571,0.051175069,0.115921576,4.803815934,Terrestrial,Plantae,Sessile
Phacelia insularis,NA,NA,1,NA,NA,NA,Terrestrial,Plantae,Sessile
Phacochoerus aethiopicus,6.622947781,NA,3,0.075053517,0.022742983,0.28571503,Terrestrial,Animalia,Mobile
Nannopterum auritus,9.154275095,0.599647364,4,0.25,0.091550096,0.086206585,Terrestrial,Animalia,Mobile
Phascolarctos cinereus,NA,NA,2,NA,NA,NA,Terrestrial,Animalia,Mobile
Phaseolus lunatus,3.958706257,0.006692384,2,0.163731846,0.082511831,0.003791576,Terrestrial,Plantae,Sessile
Phoca vitulina,NA,NA,NA,NA,NA,NA,Aquatic,Animalia,Mobile
Phocarctos hookeri,16.89353314,1.353801784,2,0.0848395,0.037419504,0.860637273,Aquatic,Animalia,Mobile
Phoebastria immutabilis,20.5053143,0.876691292,9,0.111111111,0.017635827,0.021913151,Terrestrial,Animalia,Mobile
Phrynosoma cornutum,3.880366871,0.295959429,3,0.333333333,0.227022141,0.15468198,Terrestrial,Animalia,Mobile
Phyllanthus emblica,261.2230113,1.140687074,17.60910439,0.00947965,0.10424704,1.246978031,Terrestrial,Plantae,Sessile
Phyllanthus indofischeri,46.6142938,1.348287024,15.95573759,0.007318541,0.05756291,3.11618442,Terrestrial,Plantae,Sessile
Physaria ovalifolia,1.74731091,0.259906668,1,0.5,0.393928571,0.240479214,Terrestrial,Plantae,Sessile
Physeter catodon,31.94341682,0.745462526,4.923107101,0.404187389,0.024405302,0.58382216,Aquatic,Animalia,Mobile
Phytelephas seemannii,34.99393575,2.018419873,14.84260524,0.022618224,0.040913648,1.455299628,Terrestrial,Plantae,Sessile
Picea engelmannii,189.2221436,2.772291776,44.97370315,0.010769295,0.018228562,5.207645925,Terrestrial,Plantae,Sessile
Picea glehnii,NA,NA,NA,NA,NA,NA,Terrestrial,Plantae,Sessile
Picea jezoensis,NA,NA,NA,NA,NA,NA,Terrestrial,Plantae,Sessile
Picoides borealis,5.034009509,0.784629406,2,0.142857143,0.055476783,0.730401104,Terrestrial,Animalia,Mobile
Picris hieracioides,11.91791875,NA,3.678714859,0.199499732,0.137573663,0.083852968,Terrestrial,Plantae,Sessile
Pimephales promelas,1.039643815,0.018122463,1,0.247061966,0.578016529,0.061725412,Aquatic,Animalia,Mobile
Pinguicula alpina,19.52609431,1.134914458,10.23771661,0.054114443,0.039516451,0.499220233,Terrestrial,Plantae,Sessile
Pinguicula ionantha,5.685793907,0.364147882,2.24083254,0.146337863,0.13889807,0.57032198,Terrestrial,Plantae,Sessile
Pinguicula villosa,6.569187469,0.445716778,5.02335205,0.088741615,0.069419685,0.121233629,Terrestrial,Plantae,Sessile
Pinguicula vulgaris,17.97283801,1.12563383,10.21297806,0.063761308,0.058554645,0.701880288,Terrestrial,Plantae,Sessile
Pinus fenzeliana,182.5693187,1.719826236,57.64631293,0.026699309,0.003049103,0.007315112,Terrestrial,Plantae,Sessile
Pinus flexilis,194.2140953,2.618018976,43.32675969,0.015133689,0.011411335,1.331025007,Terrestrial,Plantae,Sessile
Pinus jeffreyi,NA,NA,1,NA,NA,NA,Terrestrial,Plantae,Sessile
Pinus lambertiana,38.24971983,1.210931294,21.65760418,0.031373176,0.029885924,1.001441118,Terrestrial,Plantae,Sessile
Pinus maximartinezii,66.33054748,2.289960553,52.49093331,0.021638126,0.114528968,1.924333748,Terrestrial,Plantae,Sessile
Pinus nigra,14.55642568,1.362005346,7.992031873,0.123971957,0.144064985,5.15612435,Terrestrial,Plantae,Sessile
Pinus ponderosa,348.3197732,1.018729671,16.7090411,0.160640496,0.00808726,0.011015264,Terrestrial,Plantae,Sessile
Pinus strobus,124.6566493,2.199478008,74.75282676,0.05908391,0.051519428,1.090166187,Terrestrial,Plantae,Sessile
Pinus sylvestris,14.57988026,0.359184398,11.79723502,0.046283434,0.036025847,0.513173476,Terrestrial,Plantae,Sessile
Plantago coronopus,3.217866915,0.408820533,2.048497204,0.17081337,0.138205833,0.435018633,Terrestrial,Plantae,Sessile
Plantago lanceolata,NA,NA,NA,NA,NA,NA,Terrestrial,Plantae,Sessile
Plantago media,40.38978917,0.31361265,7.664991417,0.134703394,0.065464868,0.013152227,Terrestrial,Plantae,Sessile
Platanthera hookeri,NA,NA,NA,NA,NA,NA,Terrestrial,Plantae,Sessile
Platygyra daedalea,NA,NA,NA,NA,NA,NA,Aquatic,Animalia,Sessile
Platygyra sinensis,NA,NA,NA,NA,NA,NA,Aquatic,Animalia,Sessile
Plexaura,NA,NA,NA,NA,NA,NA,Aquatic,Animalia,Sessile
Poa alpina,1.944320657,0.909742446,2.240694789,0.373701539,0.016217285,0.760157004,Terrestrial,Plantae,Sessile
Pocillopora damicornis,NA,NA,NA,NA,NA,NA,Aquatic,Animalia,Sessile
Podocnemis expansa,26.63427751,0.640024715,3.785076758,0.092354487,0.086582828,0.35704963,Aquatic,Animalia,Mobile
Podocnemis lewyana,7.036317237,0.381225232,4,0.2,0.154171523,0.185933602,Aquatic,Animalia,Mobile
Podococcus barteri,116.7744337,0.855326888,17.69230769,0.075876551,0.01207129,0.865840389,Terrestrial,Plantae,Sessile
Podophyllum peltatum,NA,NA,NA,NA,NA,NA,Terrestrial,Plantae,Sessile
Poecilia reticulata,8.855213938,1.066973589,4.386243386,0.041577854,0.055114915,1.358983658,Aquatic,Animalia,Mobile
Pongo abelii,NA,NA,16,NA,NA,NA,Terrestrial,Animalia,Mobile
Porites astreoides,NA,NA,NA,NA,NA,NA,Aquatic,Animalia,Sessile
Porites harrisoni,NA,NA,NA,NA,NA,NA,Aquatic,Animalia,Sessile
Potentilla anserina,22.83880082,0.330536857,4.929893521,0.361886807,0.026520888,0.022749754,Terrestrial,Plantae,Sessile
Potentilla recta,NA,NA,NA,NA,NA,NA,Terrestrial,Plantae,Sessile
Presbytis thomasi,13.25700481,0.986777078,5,0,0,0.322981903,Terrestrial,Animalia,Mobile
Primula elatior,25.63215883,1.159608238,5.097205538,0.16331328,0.116046473,0.723101735,Terrestrial,Plantae,Sessile
Primula farinosa,NA,NA,NA,NA,NA,NA,Terrestrial,Plantae,Sessile
Prioria copaifera,16.88536087,0.14912211,8.172364637,0.122341579,0.027624722,0.072977664,Terrestrial,Plantae,Sessile
Boloria eunomia,5,NA,5,0.199111232,0.079100381,0,Terrestrial,Animalia,Mobile
Propithecus edwardsi,17.0050599,0.522164836,3.545595054,0.297479203,0.053894292,0.244532593,Terrestrial,Animalia,Mobile
Propithecus verreauxi,21.96254613,0.284968529,7,0.125,0.007208384,0.03084953,Terrestrial,Animalia,Mobile
Prosartes lanuginosa,10.95681279,0.595739306,4.551177869,0.074895884,0.026914449,0.095541884,Terrestrial,Plantae,Sessile
Prosopis glandulosa,31.18981699,0.317308741,9.412528726,0.032277242,0.037870589,1.011552847,Terrestrial,Plantae,Sessile
Prosopis laevigata,192.6738773,0.563138343,8.01754386,0.135795348,0.005089881,1.097062744,Terrestrial,Plantae,Sessile
Prunus africana,204.6083341,0.149560169,44.06101196,0.022588217,0.114612299,0.068682069,Terrestrial,Plantae,Sessile
Prunus serotina,3116.856714,0.497232873,9.818181818,0.085911315,0.044379017,0.018512538,Terrestrial,Plantae,Sessile
Pseudocheirus peregrinus,NA,NA,NA,NA,NA,NA,Terrestrial,Animalia,Mobile
Pseudomisopates rivas-martinezii,4.102039801,0.6114803,2.930874686,0.303583295,0.075680257,0.404171693,Terrestrial,Plantae,Sessile
Pseudomitrocereus fulviceps,NA,NA,303,NA,NA,NA,Terrestrial,Plantae,Sessile
Pseudophoenix sargentii,88.67266139,0.915147719,114.5612692,0.017312717,0.012093655,0.317835214,Terrestrial,Plantae,Sessile
Pterocarpus angolensis,139.8801662,1.679658913,5.545454545,0.103721701,0.003445972,0.109724318,Terrestrial,Plantae,Sessile
Pterocarya rhoifolia,NA,NA,1,NA,NA,NA,Terrestrial,Plantae,Sessile
Pterygophora californica,NA,0,1,NA,NA,0,Aquatic,Chromalveolata,Sessile
Ptychosperma macarthurii,58.54438879,1.098738889,4.558718861,0.10114577,0.023824868,1.776988936,Terrestrial,Plantae,Sessile
Puffinus auricularis,14.63673528,0.58432623,5,0.166666667,0.024328604,0.094610038,Terrestrial,Animalia,Mobile
Purshia subintegra,10.13332457,0.379958636,7.3554329,0.048385703,0.331227252,9.670595069,Terrestrial,Plantae,Sessile
Pygoscelis adeliae,8.064282429,0.217269453,2,0.5,0.164150036,0.276979533,Aquatic,Animalia,Mobile
Pylodictis olivaris,16.57940303,0.003328234,6.783809515,0.090891956,0.090880184,0.611024779,Aquatic,Animalia,Mobile
Quercus mongolica,27.04725603,1.0008746,11.96596702,0.05800985,0.030119668,1.623546491,Terrestrial,Plantae,Sessile
Quercus rugosa,96.58158021,1.648669575,27.80431543,0.0351706,0.009757499,0.917079627,Terrestrial,Plantae,Sessile
Ramonda myconi,41.72191929,1.167245861,7.683440122,0.068421218,0.026444509,0.686219907,Terrestrial,Plantae,Sessile
Rana temporaria,NA,NA,NA,NA,NA,NA,Aquatic,Animalia,Mobile
Rangifer tarandus,6.940075305,NA,3,0.062223832,0.023494505,0.711478862,Terrestrial,Animalia,Mobile
Ranunculus acris,3.204822724,0.179763095,2,0.233513876,0.153171673,0.211049633,Terrestrial,Plantae,Sessile
Ranunculus peltatus,2.272959326,0.304341638,2.141665074,0.20652216,0.184773099,0.350831079,Terrestrial,Plantae,Sessile
Ratibida columnifera,1.086847633,0.067389691,1,0.5,1.350517241,0.134031876,Terrestrial,Plantae,Sessile
Rattus fuscipes,2.038727935,0.058617083,2,0.261996522,0.487752372,0.227683615,Terrestrial,Animalia,Mobile
Rhizophora mangle,41.48466071,0.403459229,6.755167514,0.03115452,0.096598453,0.45179644,Terrestrial,Plantae,Sessile
Rhododendron maximum,4.350013803,0.201929978,1,0.111111111,0.004129053,0.122842693,Terrestrial,Plantae,Sessile
Rhododendron ponticum,34.72475638,0.418611741,11,0.016666667,0.006807505,5.9642266,Terrestrial,Plantae,Sessile
Rhopalostylis sapida,142.7587071,0.571325151,61.63984378,0.000864222,0.082640254,1.919676348,Terrestrial,Plantae,Sessile
Rhus aromatica,NA,NA,NA,NA,NA,NA,Terrestrial,Plantae,Sessile
Rhus copallinum,0.01486,0.47454267,3.922363504,0.553575945,0.008093063,0.011432893,Terrestrial,Plantae,Sessile
Rorippa palustris,NA,NA,NA,NA,NA,NA,Terrestrial,Plantae,Sessile
Rosa canina,NA,NA,NA,NA,NA,NA,Terrestrial,Plantae,Sessile
Rosa multiflora,1.981526665,0.135682356,4.488372093,0.058889669,0.334706756,8.727442358,Terrestrial,Plantae,Sessile
Rosmarinus tomentosus,48.75107058,1.225408374,5.649635036,0.060251636,0.037220967,0.281101224,Terrestrial,Plantae,Sessile
Roupala montana,NA,NA,NA,NA,NA,NA,Terrestrial,Plantae,Sessile
Rourea induta,219.2880044,1.361586976,20.15144766,0.032180604,0.001860208,0.235142753,Terrestrial,Plantae,Sessile
Rubus praecox,NA,NA,3.037344398,NA,NA,NA,Terrestrial,Plantae,Sessile
Rubus saxatilis,NA,NA,NA,NA,NA,NA,Terrestrial,Plantae,Sessile
Rubus ursinus,NA,NA,3.028806584,NA,NA,NA,Terrestrial,Plantae,Sessile
Rumex rupestris,8.151249441,0.374352764,2.557291587,0.105129159,0.016021035,0.043768638,Terrestrial,Plantae,Sessile
Rutidosis leptorrhynchoides,27.01192991,0.612147268,4.156336505,0.148108237,0.111644954,0.18065665,Terrestrial,Plantae,Sessile
Rutilus rutilus,6.001950137,NA,4,0.099993509,0.095676353,0.253614632,Aquatic,Animalia,Mobile
Sabal yapa,88.02893684,1.691942725,61.7764341,0.006866723,0.034215904,0.625586036,Terrestrial,Plantae,Sessile
Saguinus fuscicollis,4.999149762,0.208564143,2,0.093908247,0.103471045,0.270647496,Terrestrial,Animalia,Mobile
Saguinus imperator,NA,NA,NA,NA,NA,NA,Terrestrial,Animalia,Mobile
Salix arctica,NA,NA,NA,NA,NA,NA,Terrestrial,Plantae,Sessile
Salmo trutta,NA,NA,NA,NA,NA,NA,Aquatic,Animalia,Mobile
Salvelinus confluentus,6.370882936,0.296900969,5.061965699,0.141726591,0.094634776,0.122453852,Aquatic,Animalia,Mobile
Salvelinus malma,10.10749485,NA,7,0.027777778,0.034985271,0.279766032,Aquatic,Animalia,Mobile
Sanicula europaea,19.25632892,0.647281348,6.369265487,0.087699208,0.0249495,0.050084498,Terrestrial,Plantae,Sessile
Santolina melidensis,14.55797335,0.742494361,4.295684114,0.067366488,0.019533695,0.092212432,Terrestrial,Plantae,Sessile
Saponaria bellidifolia,62.43989998,0.920687919,6.278695452,0.127103154,0.027390856,0.196275205,Terrestrial,Plantae,Sessile
Sarcocapnos baetica,58.75617144,1.022080535,3.415483494,0.266896233,0.053955016,0.451608288,Terrestrial,Plantae,Sessile
Sarcocapnos enneaphylla,3.562733598,0.418977433,2.093792726,0.47851014,0.160001635,0.439771104,Terrestrial,Plantae,Sessile
Sarcocapnos pulcherrima,90.64292145,1.087389275,5.952100483,0.292188285,0.018650373,0.070032889,Terrestrial,Plantae,Sessile
Sardina pilchardus,2.525933215,0.443744832,2.333333333,0.067219451,0.113853368,0.528650056,Aquatic,Animalia,Mobile
Sarracenia purpurea,28.68954607,0.562826285,12.89276044,0.046864145,0.020464097,0.409455431,Terrestrial,Plantae,Sessile
Saussurea medusa,6.574122496,0.567449311,7.025547019,0.090353083,0.073801184,0.353059371,Terrestrial,Plantae,Sessile
Saxifraga aizoides,45.23051207,1.198231477,2.013171226,0.098093289,0.070846881,0.560221328,Terrestrial,Plantae,Sessile
Saxifraga cotyledon,6.862632091,1.018725928,1,0.21926905,0.158683106,4.979744458,Terrestrial,Plantae,Sessile
Saxifraga tridactylites,NA,NA,1,NA,NA,NA,Terrestrial,Plantae,Sessile
Scabiosa columbaria,7.03603185,0.168125398,6.366812227,0.085825044,0.07265276,0,Terrestrial,Plantae,Sessile
Scaphium macropodum,174.3350949,1.112539895,104.9331303,0.002793794,0.003212497,2.489389975,Terrestrial,Plantae,Sessile
Sceloporus arenicolus,3.591494351,0.257276404,2,0.5,0.397126382,0.259529895,Terrestrial,Animalia,Mobile
Sceloporus grammicus,4.746747172,0.670316953,2.291989664,0.248382315,0.123934098,0.632681518,Terrestrial,Animalia,Mobile
Sceloporus mucronatus,4.089619247,0.785603727,2.353179973,0.17498451,0.318702101,0.176770309,Terrestrial,Animalia,Mobile
Scolytus ventralis,4.969615106,0.41772259,4,0.25,0.237707187,0.256500696,Terrestrial,Animalia,Mobile
Scorzonera hispanica,15.09039243,0.702745493,6.16194332,0.115234195,0.091233875,0.173009154,Terrestrial,Plantae,Sessile
Senecio filaginoides,5.093853284,0.375218605,3.06620624,0.312654546,0.133806399,0.50867026,Terrestrial,Plantae,Sessile
Serapias cordigera,NA,NA,NA,NA,NA,NA,Terrestrial,Plantae,Sessile
Setophaga cerulea,1.812773415,0.253757099,1,0.5,0.405116731,0.248720962,Terrestrial,Animalia,Mobile
Shorea acuminata,126.6399424,1.217341174,57.18865091,0.004293334,0.00237848,1.410935164,Terrestrial,Plantae,Sessile
Shorea bracteolata,134.1263928,1.107281445,71.94588725,0.004127798,0.002544261,1.505625371,Terrestrial,Plantae,Sessile
Shorea leprosula,75.50909537,1.605988917,41.46836962,0.003984152,0.049941349,1.813186213,Terrestrial,Plantae,Sessile
Shorea maxwelliana,NA,1.109161677,115.2579608,NA,NA,NA,Terrestrial,Plantae,Sessile
Shorea ovalis,NA,1.188109855,83.80443747,NA,NA,NA,Terrestrial,Plantae,Sessile
Sigmodon hispidus,2.705672107,0.360514537,2,0.163807591,0.282571759,0.43954972,Terrestrial,Animalia,Mobile
Silene acaulis,27.80694745,0.950503226,8.999664016,0.018226315,0.010125264,0.594374362,Terrestrial,Plantae,Sessile
Silene douglasii,53.6329811,0.392122013,4.10828827,0.175761183,0.023291174,0.022704255,Terrestrial,Plantae,Sessile
Silene regia,7.39430301,0.599833475,3.259730103,0.142140346,0.178437237,0.168313272,Terrestrial,Plantae,Sessile
Silene tatarica,NA,NA,NA,NA,NA,NA,Terrestrial,Plantae,Sessile
Solidago mollis,1.048600092,0.025066423,1,0.5,0.835166667,0.037743989,Terrestrial,Plantae,Sessile
Sonchus pustulatus,21.05753581,0.85118651,4.653875267,0.065836614,0.007231977,0.31425948,Terrestrial,Plantae,Sessile
Sparisoma viride,NA,NA,NA,NA,NA,NA,Aquatic,Animalia,Mobile
Spathoglottis plicata,18.11576213,0.552476461,2.251959891,0.07827042,0.02659837,0.672185264,Terrestrial,Plantae,Sessile
Spermophilus dauricus,3.867970827,NA,2,0.141473936,0.072158608,0.366309561,Terrestrial,Animalia,Mobile
Sphaeralcea coccinea,1.201835103,0.107943645,1,0.5,0.427857143,0.097011913,Terrestrial,Plantae,Sessile
Spongia graminea,23.75280184,1.074878826,6.019535434,0.045212076,0.021518778,0.309071915,Aquatic,Animalia,Sessile
Sporobolus heterolepis,4.699858399,0.815808627,8.077100115,0.920495671,0.006079191,1.344373386,Terrestrial,Plantae,Sessile
Stellifer illecebrosus,4.210883926,0.77111649,3,0.125,0.086163423,0.473843976,Aquatic,Animalia,Mobile
Stenaria nigricans,1.087085952,0.047677623,1,0.5,0.730517241,0.06354347,Terrestrial,Plantae,Sessile
Stenocereus eruca,NA,0.039268784,10.52380952,NA,NA,1.433771212,Terrestrial,Plantae,Sessile
Sterna hirundo,9.717647838,0.682796206,1,0.2,0.103441818,0.683299919,Terrestrial,Animalia,Mobile
Sternotherus odoratus,NA,NA,NA,NA,NA,NA,Aquatic,Animalia,Mobile
Strix occidentalis,6.265530366,0.311829845,2,0.333333333,0.081750789,0.413735014,Terrestrial,Animalia,Mobile
Stryphnodendron microstachyum,78.60318851,2.009191669,78.26510088,0.064734604,0.064604385,4.473356968,Terrestrial,Plantae,Sessile
Styrax obassis,146.7190862,1.399787099,57.40709024,0.11758631,0.111352965,1.380826836,Terrestrial,Plantae,Sessile
Sus scrofa,6.371309843,1.188100193,3.562792933,0.090257213,0.096805369,0.477124449,Terrestrial,Animalia,Mobile
Swallenia alexandrae,29.10380477,0.601210217,4,0.25,0.03236914,0.038440458,Terrestrial,Plantae,Sessile
Swietenia macrophylla,210.6836503,1.285244465,19.10808824,0.018912846,0.057795081,1.075206273,Terrestrial,Plantae,Sessile
Syngonanthus nitens,NA,NA,NA,NA,NA,NA,Terrestrial,Plantae,Sessile
Syzygium jambos,23.09704114,1.172859754,9.936507937,0.07460065,0.082343056,1.089998362,Terrestrial,Plantae,Sessile
Tamias striatus,NA,NA,NA,NA,NA,NA,Terrestrial,Animalia,Mobile
Tamiasciurus hudsonicus,2.910078559,0.759420287,1,0.125,0.06943585,0.734505478,Terrestrial,Animalia,Mobile
Taraxacum erythrospermum,NA,NA,NA,NA,NA,NA,Terrestrial,Plantae,Sessile
Taxus brevifolia,114.0256289,1.685836857,26.75757576,0.009874816,0.006754641,3.125717493,Terrestrial,Plantae,Sessile
Taxus floridana,119.725623,0.336987701,14.20554517,0.102092741,0.071926,0.020812895,Terrestrial,Plantae,Sessile
Telipogon helleri,10.15031404,0.679687631,2.183151917,0.226200924,0.088685864,0.586956817,Terrestrial,Plantae,Sessile
Tetraberlinia bifoliolata,55.96295864,1.449519222,77.41310705,0.096118967,0.08921653,3.550204118,Terrestrial,Plantae,Sessile
Tetramolopium arenarium,25.88647244,0.852987808,4.87398374,0.226942084,0.022431927,0.058443857,Terrestrial,Plantae,Sessile
Thalassarche melanophrys,23.35509528,0.342590649,10.31163097,0.034935626,0.002686648,0.142305211,Terrestrial,Animalia,Mobile
Thalia democratica,NA,NA,1,NA,NA,NA,Aquatic,Animalia,Sessile
Thelesperma megapotamicum,1.139102053,0.066498449,1,0.5,0.462068966,0.062711294,Terrestrial,Plantae,Sessile
Thlaspi perfoliatum,NA,NA,1,NA,NA,NA,Terrestrial,Plantae,Sessile
Thrinax radiata,58.49745391,1.881944755,74.06167915,0.02146891,0.04101964,2.305129418,Terrestrial,Plantae,Sessile
Thymus loscosii,NA,NA,NA,NA,NA,NA,Terrestrial,Plantae,Sessile
Thymus vulgaris,201.6626207,0.306007982,26.97402597,0.296353286,0.001195843,0.754928651,Terrestrial,Plantae,Sessile
Tillandsia brachycaulos,17.12990947,0.727435409,3.694636696,0.350588943,0.011197863,0.088411022,Terrestrial,Plantae,Sessile
Tillandsia deppeana,NA,NA,NA,NA,NA,NA,Terrestrial,Plantae,Sessile
Tillandsia juncea,32.50192102,1.098626712,11.46134321,0.07856444,0.081315714,0.27099946,Terrestrial,Plantae,Sessile
Tillandsia macdougallii,39.45708161,1.473885158,7.999250091,0.107708794,0.006464316,0.093643219,Terrestrial,Plantae,Sessile
Tillandsia multicaulis,19.52391747,1.126150294,6.319914489,0.067779287,0.070769368,0.824733669,Terrestrial,Plantae,Sessile
Tillandsia punctulata,NA,NA,1,NA,NA,NA,Terrestrial,Plantae,Sessile
Tillandsia recurvata,11.1737711,0.782125142,2.882845188,0.099145164,0.072517082,1.119506285,Terrestrial,Plantae,Sessile
Tillandsia violacea,53.10509101,0.962409694,13.79928753,0.038461628,0.008130273,0.09869846,Terrestrial,Plantae,Sessile
Torreya taxifolia,NA,NA,NA,NA,NA,NA,Terrestrial,Plantae,Sessile
Tradescantia brevifolia,NA,NA,NA,NA,NA,NA,Terrestrial,Plantae,Sessile
Tradescantia fluminensis,NA,NA,NA,NA,NA,NA,Terrestrial,Plantae,Sessile
Tradescantia zebrina,NA,NA,NA,NA,NA,NA,Terrestrial,Plantae,Sessile
Tragopogon dubius,NA,NA,NA,NA,NA,NA,Terrestrial,Plantae,Sessile
Tragopogon pratensis,NA,0.275995877,3.152871308,0.179046678,0.13968311,0,Terrestrial,Plantae,Sessile
Trichosurus caninus,NA,NA,NA,NA,NA,NA,Terrestrial,Animalia,Mobile
Trillium apetalon,42.48090902,1.173462454,9.801120448,0.125202161,0.102908108,0.53905822,Terrestrial,Plantae,Sessile
Trillium camschatcense,224.5578757,0.85627487,9.155768208,0.129021906,0.09354187,0.104712585,Terrestrial,Plantae,Sessile
Trillium grandiflorum,40.08270345,1.285993457,16.11373665,0.114516179,0.07848838,0.509865098,Terrestrial,Plantae,Sessile
Trillium ovatum,53.18008233,1.041313094,33.44121685,0.047512367,0.041941885,0.206939843,Terrestrial,Plantae,Sessile
Trillium persistens,11.5687743,1.097480463,6.430702651,0.170169049,0.089488116,0.530734419,Terrestrial,Plantae,Sessile
Trollius laxus,59.52737886,1.07137291,2,0.108151292,0.000617566,0.046150577,Terrestrial,Plantae,Sessile
Tsuga canadensis,180.9834264,1.370403203,36.75457097,0.00235774,0.014213758,2.123654069,Terrestrial,Plantae,Sessile
Turdus torquatus,3.309780812,0.071114427,2,0.5,0.232877454,0.126175992,Terrestrial,Animalia,Mobile
Tympanuchus cupido,2.71730784,NA,2,0.142664794,0.132332051,0.408470981,Terrestrial,Animalia,Mobile
Ulex gallii,NA,NA,1,NA,NA,NA,Terrestrial,Plantae,Sessile
Ulex minor,16.7463151,0.423577789,1,0.004110326,0.060139548,6.783614264,Terrestrial,Plantae,Sessile
Umbonium costatum,5.29925782,0.688498785,2.064028087,0.160048784,0.075684747,0.78966939,Aquatic,Animalia,Sessile
Urocitellus armatus,1.448003429,NA,1,0.138646416,0.103714286,0.153856283,Terrestrial,Animalia,Mobile
Urocitellus beldingi,3.341096919,NA,2,0.062452055,0.043200699,0.512120874,Terrestrial,Animalia,Mobile
Urocitellus columbianus,4.290074398,0.544266739,3,0.25,0.067230851,0.19376793,Terrestrial,Animalia,Mobile
Urocyon littoralis,3.723854928,0.337533464,2,0.333333333,0.098573796,0.205474416,Terrestrial,Animalia,Mobile
Ursus americanus,6.125305426,0.566009912,4,0.25,0.046681202,0.050498238,Terrestrial,Animalia,Mobile
Ursus arctos,8.649675127,0.448051247,4,0.092125281,0.019061282,0.1705225,Terrestrial,Animalia,Mobile
Ursus maritimus,18.49067053,0.401289946,8.569836512,0.081356344,0.008339539,0.027668546,Aquatic,Animalia,Mobile
Vatica mangachapoi,46.76255551,0.275111231,22.68703266,0.073999108,0.062250199,0.406967785,Terrestrial,Plantae,Sessile
Vella pseudocytisus,9.612355767,0.851659879,4.930431365,0.043150929,0.030083278,1.054249789,Terrestrial,Plantae,Sessile
Verbascum fontqueri,2.081623914,0.19401725,2,0.209448442,0.186916999,0.216833917,Terrestrial,Plantae,Sessile
Verbascum thapsus,NA,NA,2,NA,NA,NA,Terrestrial,Plantae,Sessile
Vermivora chrysoptera,2.081685452,0.211658799,1,0.5,0.225297545,0.167065688,Terrestrial,Animalia,Mobile
Veronica arvensis,NA,NA,2.612903226,NA,NA,NA,Terrestrial,Plantae,Sessile
Verticordia fimbrilepis,11.90073491,0.624598811,3.64365549,0.058708586,0.023531497,0.183612708,Terrestrial,Plantae,Sessile
Verticordia staminosa,185.6910318,0.674324366,7.185458663,0.075088237,0.064153839,0.137787916,Terrestrial,Plantae,Sessile
Viburnum furcatum,378.6452061,1.924425799,14.42506135,0.058761186,0.000983163,0.036624994,Terrestrial,Plantae,Sessile
Viola elatior,6.096028319,0.686019359,4.000091201,0.103357501,0.047577081,0.436645193,Terrestrial,Plantae,Sessile
Viola pumila,7.544963863,0.664554406,4.387882734,0.108009107,0.04385324,0.139170484,Terrestrial,Plantae,Sessile
Viola sagittata,7.168808651,0.486140869,2.666666667,0.064295046,0.06260337,0.365285842,Terrestrial,Plantae,Sessile
Vipera aspis,8.9911587,0.654384852,5,0.2,0.060840148,0.040890704,Terrestrial,Animalia,Mobile
Vireo atricapilla,NA,NA,NA,NA,NA,NA,Terrestrial,Animalia,Mobile
Vireo latimeri,2.256600784,0.27840509,1,0.5,0.365,0.267825387,Terrestrial,Animalia,Mobile
Vochysia ferruginea,34.37325471,0.572669701,6.909156807,0.012377947,0.181669309,0.639051683,Terrestrial,Plantae,Sessile
Vriesea sanguinolenta,16.20954626,1.015074541,12.16186792,0.051514944,0.04672525,0.780534722,Terrestrial,Plantae,Sessile
Xenosaurus grandis,5.140938506,0.712349961,3.546887299,0.189170008,0.116194096,0.508422943,Terrestrial,Animalia,Mobile
Xenosaurus platyceps,6.299080734,0.958020921,4.065758847,0.142338669,0.112455184,0.689841648,Terrestrial,Animalia,Mobile
Xestospongia muta,22.65332595,0.934304747,4.434131623,0.10929487,0.002796349,0.409600519,Aquatic,Animalia,Sessile
Yoldia notabilis,8.130937884,0.150422441,5,0.1,0.227929759,4.084761065,Aquatic,Animalia,Sessile
Zalophus californianus,NA,NA,NA,NA,NA,NA,Aquatic,Animalia,Mobile
Zamia amblyphyllidia,NA,NA,32.56312643,NA,NA,NA,Terrestrial,Plantae,Sessile
Zamia inermis,289.5184178,1.751285871,35.16990689,0.00491229,1.24E-05,0.000179314,Terrestrial,Plantae,Sessile
Zea diploperennis,12.10819446,0.660502855,3.040816327,0.0016031,0.086844125,2.159736969,Terrestrial,Plantae,Sessile
Zingel asper,2.876291559,0.277258872,2,0.5,0.325693909,0.267498887,Aquatic,Animalia,Mobile
Zoarces viviparus,4.205185601,NA,3,0.099919781,0.10583153,0.314657456,Aquatic,Animalia,Mobile
Zootoca vivipara,1.962629084,0.390221704,1,0.135566956,0.059778219,0.353018647,Terrestrial,Animalia,Mobile
